georgian,english
ორი კვირის წინ მე პირველად დისნეილენდს ვიყავი.,"Two weeks ago, I visited Disneyland for the first time."
ერევანი.,Yerevan.
სლოვაკეთში.,Slovakia.
ვუჰანის.,Wuhan.
აი შენი ძაღლი.,Here is your dog.
საფრანგეთს.,France.
ექსპერტი მრჩეველი.,Expert Advisor.
მან გადაწყვიტა ბელგიაში გადასვლა.,She decided to move to Belgium.
საბჭო.,Council.
ნინო ლომჯარიამ.,Nino Lomjaria.
ტაჯიკეთის.,Tajikistan.
ევროკომისია.,European Commission.
ხმელთაშუა.,Mediterranean.
ჰარვარდის.,Harvard.
საქართველოს.,Georgia.
ახალი მაღაზია მომავალ კვირას გაიხსნება.,The new store is going to open next week.
სამდივნოს.,Secretariat.
უელსი.,Wales.
მე იქ ლამაზი ჩანჩქერი დავინახე.,I saw a beautiful waterfall there.
ვინ რას ყიდულობს?,Who is buying what?
გეთაყვა ნიღაბი ატარო.,Please wear a mask.
იაპონური.,Japanese.
საშაქრე ცარიელია.,The sugar canister is empty.
გინდა პინტა?,Would you like a pint?
თურქულად ლაპარაკობთ?,Do you speak Turkish?
ორთაჭალაში.,Ortachala.
წვიმს.,It's raining.
ამ ქალაქში არ ვცხოვრობ.,I don't live in this city.
კავკასიის საერთაშორისო უნივერსიტეტი.,Caucasus International University.
ალექსანდრე პუშკინი.,Alexander Pushkin.
ჩემი ბიძაშვილი ჟურნალისტია.,My cousin is a journalist.
იესომ.,Jesus.
პატარძალივით აცვია.,She is dressed like a bride.
სახალხო დამცველმა.,The Public Defender.
ავღანეთი.,Afghanistan.
საიტის.,Site.
ლომი ჯუნგლის მეფეა.,The lion is the king of the jungle.
ქვემო ქართლში.,Kvemo Kartli.
"ჩემს მეგობარ გოგონასთან ანალური სექსის შემდეგ, როგორც წესი, კარგი შხაპის მიღება გვჭირდება ხოლმე.","After having anal sex with my girlfriend, we usually need to have a good wash."
სამი საათია.,It's three o'clock.
წიგნი მინდა. სად არის წიგნის მაღაზია?,I want a book. Where is the bookstore?
თბილისის საერთაშორისო კინოფესტივალის.,Tbilisi International Film Festival.
ავსტრია.,Austria.
მარიამი ტომის დედაა?,Is Mary Tom's mother?
მე ამერიკელი ვარ.,I come from America.
ეგვიპტეში ვარ.,I'm in Egypt.
კომიტეტის.,Committee.
ევროკავშირისა.,the European Union.
კავკასიის საერთაშორისო უნივერსიტეტში.,Caucasus International University.
ჟენევაში.,Geneva.
ცენტრალური ხელისუფლების.,the Central Government.
მალაიზიაში.,Malaysia.
არაბულად ლაპარაკობ?,Do you speak Arabic?
სინგაპურის.,Singapore.
დონალდ ტრამპის.,Donald Trump.
სასამართლოს.,Court.
ის დამაინტრიგებელია.,That is intriguing.
ევროკავშირს.,EU.
Wi - Fi.,Wi - Fi.
ლობიოები მძულს.,I hate beans.
მე მოგიტან შენ.,I'll bring you.
ჰოლანდიაში.,Holland.
რას მიყურებ?,What are you going to watch?
პეტრეს.,Peter.
ოლიმპიური.,Olympic.
მას აქვს ბევრი ცხვირსახოცი.,She has many handkerchiefs.
ბავშვი წავიყვანე.,I took the child.
ევროპოლის.,Europol.
ეს ჩემი წიგნია.,This is my book.
წლის ელექტროენერგეტიკული ბაზრის ოპერატორმა „ელექტროენერგიის.,the Electricity Market Operator.
რუსულ.,Russian.
ილაპარაკე იტალიურად!,Speak Italian!
სამხრეთ კავკასიაში.,South Caucasus.
მე ბანკში ვმუშაობ.,I work in a bank.
რძეს ვსვამ.,I'm drinking milk.
მოვალ შემდეგი ავტობუსით.,I'll come by the next bus.
ატლანტაშ.,atlanta.
დემოკრატები.,Democrats.
დევიდ ჯ Malan.,DAVID J MALAN.
პორტუგალიაში.,Portugal.
მცირე მიწისძვრები ყოველ დღე ხდება იმ ქვეყანაში.,Small earthquakes happen every day in that country.
ავსტრალიაში.,Australia.
საბერძნეთის.,Greece.
"წიგნმა ""ჩამითრია"" და შენი ხმა ვერ გავიგე.",I was absorbed in a book and didn't hear you call.
შენ ჩემთვის ყველაფერი ხარ.,You are everything to me.
"მარი, შეწყვიტე. საკმარისია.","Mary, stop it. That's enough."
Martin ბანკები.,Martin Banks.
ტყუპები.,Gemini.
ფილისტიმელები.,Philistines.
სამის აქვს მუქი კანი.,Sami is dark-skinned.
სიეტლში წასვლა მინდა.,I want to go to Seattle.
დაწოლა მინდა!,I want to go to bed!
ბერლინი.,Berlin.
რომელ ბინაში ცხოვრობს?,Which flat does he live in?
ტომი თევზს იჭერდა.,Tom was fishing.
ვესვრი!,I will shoot him.
თომს აქვს მუქი კანი.,Tom has dark skin.
ჰოლანდიური.,Dutch.
ესპანეთ ი.,Spain.
ზოგიერთი ადამიანი საერთოდ ვერ მღერის.,Some people can't sing at all.
მე სტუდენტი ვარ.,I am a student.
დღეს კარგი ამინდია.,The weather is good today.
დავითი.,David.
სუპერლიგის.,Superleague.
სომეხთა ეპარქიის.,the Armenian Diocese.
DBS საკრუიზ ო Ferry.,DBS Cruise Ferry.
მე შოკოლადი მომწონს.,I like chocolate.
ლიბანის.,Lebanon.
მიტროპოლიტის მუნიციპალიტეტის.,Metropolitan Municipality.
სამხრეთ ამერიკა.,South America.
იპოდრომთან.,Hippodrome.
ტომი თევზაობდა.,Tom was fishing.
"დღისით ვსწავლობ, საღამოს კი ვმუშაობ.","I study during the day, and in the evening I work."
ქარხანაში მუშაობა უნდა.,He wants to work in a factory.
ზღვა ლურჯია.,The sea is blue.
სურათი Hyundai.,Photo Hyundai.
მოდი ვიმღეროთ სიმღერა ინგლისურად.,Let's sing a song in English.
დიდმკერდიანი Brunette.,Bigtit Brunette.
დონალდ ტრამპი.,Donald Trump.
კათოლიკური ეკლესია.,the Catholic Church.
გორში.,Gori.
ინგლისური საერთაშორისო ენაა.,English is the international language.
იმის გამო სწავლობენ ინგლისურს.,That is what they study English for.
თბილისის საერთაშორისო კინოფესტივალი.,Tbilisi International Film Festival.
ჩინურად ლაპარაკობთ?,Do you speak Chinese?
სკანდინავიურ.,Scandinavian.
თიანეთის.,Tianeti.
მტკვრის.,Mtkvari.
იმის გამო ვერ მჯერა.,That's why I cannot believe it.
მალტის.,Malta.
ამერიკელი.,American.
ინტერნეტი სერიოზული ბიზნესია.,The Internet is serious business.
ტიმოთე.,Timothy.
მე კარს ვაღებ.,I open the door.
სსრკ.,USSR.
იერუსალიმი.,Jerusalem.
უეჭველად ვერ გაგკიცხავთ.,We certainly can't blame you.
ცენტრის.,Center.
არავინ არ უნდა მიატოვოს თავისი მეგობარი.,No one should desert his friends.
ლანჩხუთი.,Lanchkhuti.
მატარებელი დროზე მოვიდა.,The train arrived on schedule.
რა ფერის იყო ჰენრი IV თეთრი ცხენი?,What colour was Henri IV's white horse?
თეთრი კატა არის ხის ქვეშ.,The white cat is under the tree.
მოსეს.,Moses.
ირლანდიაში.,Ireland.
ტელევიზორი ჩართულია.,The TV's on.
მომწონს შენი ციხე.,I like your castle.
ალჟირში დავბრუნდი.,I went back to Algeria.
ეს არის ჩემი ელექტრონული ფოსტის მისამართი.,This is my email address.
ტომმა როგორ წავიდა ავსტრალიაში?,How did Tom go to Australia?
მარი ერთ-ერათი ყველაზე პოპულარული გოგო იყო.,Mary was not one of the most popular girls.
სამი საუბრობდა სწრაფად.,Sami was talking quickly.
იქ ცხოვრობ?,Do you live there?
დავით ტვილდიანის სამედიცინო უნივერსიტეტის.,David Tvildiani Medical University.
გეთაყვა რაღაც ცივი სასმელი მომეცი.,Please give me something cold to drink.
მე ეგვიპტედან ვარ.,I am from Egypt.
ლათინური.,Latin.
ედგარ კეისი.,Edgar Cayce.
ტომმა ააშენა ახალი სახლი.,Tom has built a new house.
კატა მაგიდაზე დაჯდა.,The cat sat on the table.
აირტურბინა.,Air Turbine.
დედამიწის.,Earth.
თიბისი დაზღვევის.,TBC Insurance.
ფრანგულ.,French.
შენ ჩაის სვამ.,You drink tea.
მორიელი.,Scorpio.
განა.,Ghana.
"ის ლამაზია, მაგრამ საშიში.","She's pretty, but dangerous."
შევძლებ ესპერანტოს მალე შესწავლას?,May I study Esperanto soon?
წერილი ბარდება დღეში ერთხელ.,The mail is delivered once a day.
სასწორი.,Libra.
გიყვართ თქვენი დედა?,Do you love your mother?
ინგლისურ ი.,English.
ხალხის უმრავლესობას სჯერა ტყუილი სიახლეების.,Most people believe fake news.
იესო ქრისტე.,Jesus Christ.
დიდი ბრიტანეთისა.,Great Britain.
სომხეთი.,Armenia.
თბილისში.,Tbilisi.
"გამარჯობა, რა გქვია?","Hello, what is your name?"
"თუკი არაფერს ვამბობ, ეს იმას არ ნიშნავს, რომ გეთანხმები.","If I don't say anything, it doesn't mean I'm agreeing with you."
თბილისის სახელმწიფო უნივერსიტეტი.,Tbilisi State University.
ჩრდილოეთ ამერიკის.,North America.
ამ ქუჩას რა ქვია?,What's this street called?
ძიძა აქ არ არის.,The nurse is not here.
მაკრონი.,Macron.
დილაობით მხოლოდ ტოსტს და ყავას მივირთმევ.,I only have toast and coffee in the morning.
ბაკურიანი.,Bakuriani.
მომეცი მაგალითები.,Give examples.
პოლონეთის.,Polish.
ციოდა.,It was cold.
ამერიკაში.,America.
ფაილი ვერ მოიძებნა.,File not found.
Tatiana გარეშე.,Tatyana.
ჩვენ კარს ვაღებთ.,We open the door.
ილიას სახელმწიფო უნივერსიტეტის.,Ilia State University.
მე ამ ტენის კლუბის წევრი ვარ.,I'm a member of the tennis club.
ბულგარეთის.,Bulgarian.
ლიფტს ნუ გამოიყენებ.,Don't use the elevator.
სწავლების ცენტრის.,the Training Center.
სახლში დარჩი.,Stay home.
ზესტაფონის.,Zestaponi.
ეს სკამია.,This is a chair.
უნგრული.,Hungarian.
უკრაინას.,Ukraine.
აქართველო.,Georgia.
„საქართველოს.,Georgia.
მე შენი მოქმედებების შესახებ ვსაუბრობ.,I'm talking about your actions.
” გრენა ”.,GRENA.
ტომი და მარიამი არიან ავსტრალიაში?,Are Tom and Mary in Australia?
იაპონურად ლაპარაკობ?,Do you speak Japanese?
კავშირის.,Union.
საახალწლო.,New Year.
ევროკავშირის.,European Union.
-,HotelsSeaside.
ტაივანის.,Taiwanese.
სადაა პრობლემა?,Where is the problem?
შემიძლია ის გავაკეთო ერთ კვირაში.,I can do it in a week.
ეს არის მანქანა.,This is a car.
ვაპროგრამებ ვიდეო თამაშებს.,I program video games.
ატიკა.,Attica.
მესტია.,Mestia.
მაროკოს.,Moroccan.
მიშა.,Misha.
ნაგაზი.,Shepherd.
რა არის მინიმალური ხელფასი საქართველოში?,What's the minimum salary in Georgia?
მთავარი  სკვერები.,Home  Parks.
სად არის ჩემი წიგნი?,Where is my book?
ლამაზი ხარ.,You're beautiful.
ფაბრიკაში ვმუშაობთ.,We work in a factory.
არგენტინელი.,Argentinian.
სერგეი.,Sergei.
ესპანეთში.,Spain.
კორეულს ვსწავლობ.,I study Korean.
მე რუსეთიდან ვარ.,I am from Russia.
ხვალ ვინ მიდის ქალაქში?,Who is going into the city tomorrow?
სახელმწიფო უსაფრთხოების სამსახურის.,the State Security Service.
თქვენ იქ ცხოვრობთ?,Do you live there?
შექსპირის.,Shakespeare.
Tatiana გარეშე.,Tatyana.
აზერბაიჯანისა.,Azerbaijan.
ცესკო.,CEC.
ლგბტ.,LGBT.
ინდური სახელია.,It's an Indian name.
საგარეჯოს.,Sagarejo.
ევროკავშირისა.,EU.
სახალხო დამცველი.,The Public Defender.
ბულგარეთის.,Bulgaria.
მაჟორიტარული.,majoritarian.
ნიდერლანდები.,Netherlands.
ვერ ვცხოვრობ ეგეთ ცხოვრებას.,I can't live that kind of life.
აფრიკის.,African.
ინგლისი.,England.
ოთახი მზიანია.,The room is sunny.
აქ მუშაობ?,Do you work here?
საახალწლო.,New Year 's Eve.
უკაცრავად. თქვენ ის პიროვნება ხართ?,Excuse me. Are you that person?
თურქმენეთი.,Turkmenistan.
ნაღდი ფულით ვიხდი.,I am paying with cash.
ბაქოს.,Baku.
ლიბიაში.,Libya.
საქართველომ.,Georgia.
ის ჩემი ძაღლია.,It is my dog.
გერმანიაში.,Germany.
ზუგდიდი.,Zugdidi.
მე მოგცემ ფულს.,I'll give you money.
ვალენსიაში.,Valencia.
მილტონ შუპე.,Milton Shupe.
მან ახალგაზრდა გოგონების ყურადღება მიიპყრო.,He sought the attention of young girls.
"ცოლი არ მინდა, გოგონა მინდა სექსისთვის.","It's not a wife that I want, but a sex friend."
ის არასდროს მატყუებს მე.,He never lies to me.
ლაშა ჭაღიაშვილის გუნდმა.,Lasha Chaghiashvili.
ტომს ეშინია ძაღლის.,Tom is afraid of the dog.
შენ გადაწყვიტე.,You decide.
მან უნდა დატოვოს.,She needs to leave.
მე ტურისტულ სააგენტოში ვმუშაობ.,I work in a tourist agency.
ცესკოს.,CEC.
ყაზახეთის.,Kazakh.
ის ახალი სურათი არის?,Is it a recent picture?
ინგლისურს.,English.
სასიამოვნოა თქვენი გაცნობა.,Nice to meet you.
რა თქვი რა გქვია?,What did you say your name was?
პურს ვჭამ.,I eat bread.
თომი არ ხართ?,Aren't you Tom?
წერილი.,Scripture.
ამ წიგნმა ძალიან დამაინტერესა.,I found the book very interesting.
დინამო.,Dinamo.
კომუნიკაციების ეროვნული კომისია.,National Communication Commission.
ქუვეითი.,Kuwait.
პეტრე.,Peter.
ყოფილი სამეფო სასახლე.,Ex Royal Palace.
ჩინურ.,Chinese.
ის მზესუმზირაა.,It's a sunflower.
სამხრეთ აფრიკის რესპუბლიკა.,South Africa.
წითელია.,It's red.
ჩრდილოეთ აფრიკაში.,North Africa.
სვანეთის.,Svaneti.
დათვალე შენ ეს სწორად?,Did you count this right?
ბათუმი > რესტორნები.,Batumi > Restaurants.
ტომი მიკრობიოლოგია.,Tom is a microbiologist.
იუნკერი.,Juncker.
ესპერანტოში.,Esperanto.
პარტიის.,Party.
ნახევარი საათი მოიცადე.,Please wait for thirty minutes.
"მეგონა ვუყვარდი, მაგრამ რეალურად მას ჩემთან მხოლოდ სექსი უნდოდა.","I thought that he loved me, but in reality he just wanted to have sex with me."
ეგ კაცი ჯარისკაცია.,That man is a soldier.
ფილიპ.,Philip.
საწყის ი გვერდიპროდუქციაინსტრუმენტებისამაგრებილითონის სამაგრი ნაკეთობები დიუბელები.,Home  PRODUCTS  TOOLS  Fixture  Ironmongery.
ბრიტანეთში.,Britain.
იორდანია.,Jordan.
წიგნს ავიღე.,I took the book.
უეჭველად!,Definitely!
ეს ნოხი გაწმენდილია.,This rug has been cleaned.
შინაგან საქმეთა სამინისტროს.,the Ministry of Internal Affairs.
სააგენტო.,Agency.
ეროვნული ბანკის.,Riksbank.
ავღანეთში.,Afghanistan.
ბულგარეთი.,Bulgaria.
"თუ ჩუმად ვარ, ეს არ ნიშნავს რომ გეთანხმები.","If I stay silent, it doesn't mean that I agree with you."
ალექსანდრე ბლოკის.,Alexander Blok.
ბაღში ბევრი წითელი ყვავილებია.,There are many red flowers in the garden.
უნიფეის.,UniPAY.
წიგნს წავიკითხავ.,I'll read the book.
ახალციხე.,Akhaltsikhe.
წყნარი ოკეანის.,Pacific.
სადღაც მინახავხარ.,I've seen you somewhere before.
აფრიკა მიგრაციის კონტინენტია.,Africa is a continent of migration.
გიბრალტარი.,Gibraltar.
ტაილანდის.,Thailand.
წაეთრიე სკოლაში! შე ზარმაცო ნაბიჭვარო!,Go to school! You lazy bastard.
ტუალეტის ქაღალდი არ იყო.,There was no toilet paper.
გახსოვთ?,Do you remember?
აღმოსავლეთ ევროპის.,Eastern European.
კავკასიის კვლევითი რესურსების ცენტრი  CRRC.,American Councils CRRC.
შენ ეცადე.,You tried.
ხმალი მინდა!,I want a sword!
სულიწმინდის.,the Holy Spirit.
ლონდონში წასვლა მინდა.,I want to go to London.
პავლეს.,Paul.
მაროკოს.,Morocco.
სახლი პატარაა.,The house is small.
ამერიკული საბჭოები.,American Councils.
დავამტკიცებდი.,I'd approve.
მე რიკარდო ვარ.,I'm Ricardo.
რატომ ძიუდო საუკეთესო არჩევანია თქვენი ბავშვისთვის?,Why is judo the best choice for your child?
კონგრესის.,Congress.
უნგრელი.,Hungarian.
ტორონტოში.,Toronto.
ფრანგულად ლაპარაკობთ?,Do you speak French?
რუსული.,Russian.
ამ ფესტივალზე შეგიძლია დაპატიჟო ყველა ვისაც მოუნდება.,You may invite to the festival whoever wants to come.
"მან ეს წიგნი ძალიან მოკლე დროში დაწერა, მხოლოდ ორი კვირა მუშაობდა მასზე.","He wrote this book in a very short time, spending just two weeks working on it."
იაპონურად ლაპარაკობთ?,Do you speak Japanese?
მარიამს ცხოველები უყვარს.,Mary loves animals.
მე მიყვარს შენი ჩანთა.,I love your bag.
ეს თვითმკვლელობაა.,This is suicide!
უგანდა.,Uganda.
ეს ჩემი მაგიდაა.,This is my table.
ლატვია.,Latvia.
პომიდვრის ჭამა არ მიყვარს.,I don't like eating tomatoes.
დიდი ბრიტანეთი.,UK.
ოდესმე სწავლობ ბიბლიოთეკაში?,Do you ever study in the library?
მე ცხოვრებს ვცხოვრობ.,I live life.
თავის მოკვლა ორჯერ ვცადე.,I've attempted suicide twice.
შავი ზღვის.,Black Sea.
გასაღებები გარდერობში არიან.,The keys are in the wardrobe.
ეს არის ბიჭი.,This is a boy.
შენ ეს ოთახი დასაძინებლად არ შეგეფერება.,This room is not suitable for sleeping.
ძაღლი ვაშლს ჭამს.,The dog is eating an apple.
ეგვიპტელები.,Egyptians.
ჩვენ ჯერ კიდევ ვმუშაობთ სახლში.,We still work at home.
კლიენტი არ მოვიდა.,The customer did not come.
ქართული იცი?,Do you know Georgian?
კატა ვარ.,I'm a cat.
ქოლგა მატარებელში დავტოვე.,I left my umbrella on the train.
სადაა საჭმელი?,Where is the food?
ტოკიო.,Tokyo.
გჭირდება ტუალეტის ქაღალდი?,Do you need toilet paper?
ზამენჰოფი.,Zamenhof.
ქობულეთი.,Kobuleti.
პლაჟში მივდივარ.,I'm going to the beach.
ის პლაჟები აქედან შორსაა.,Those beaches are far from here.
"პოლიციამ დაუყოვნებლივი ქმედება მიიღო, აჯანყებასთან გასამკლავებლად.",The police took immediate action to deal with the riot.
რეგიონული განვითარებისა დეპარტამენტის.,Roads Department.
ახლა ხარ მასწავლებელი.,You're a teacher now.
რა ქვია მას?,Which his name?
ინგლისურად ლაპარაკობ?,Do you speak English?
ზღვა მწვანეა.,The sea is green.
ათენი.,Athens.
ბილი.,Billy.
იაპონი ა.,Japan.
კუნძული.,Island.
გიორგი.,George.
თამარ ჟვანიამ.,Tamar Zhvania.
ლვოვის.,Lviv.
ბინდი მომწონს.,I like candlelight.
ლიბერთი ბანკის.,Liberty Bank.
შენ ამერიკელი ხარ?,Are you American?
სიღნაღი.,Sighnaghi.
ნახვამდის.,See you.
ჯონ.,John.
იუდა.,Judas.
ის ჩემი მაგიდაა.,It is my table.
მე მივდივარ მეგობრის შესახვედრად.,I'm going to meet a friend.
ტომმა უნდოდა იმუშაოს გუშინ.,Tom had to work yesterday.
მტკივა კუჭი.,My stomach hurts.
სამინისტროს.,Ministry.
ესტონეთი.,Estonia.
კლიენტის.,Client.
ჩემი სინდისი არ არის სუფთა.,My conscience is not clean.
ბაკურიანში.,Bakuriani.
რუმინეთში.,Romania.
ბალნეოლოგიური კურორტი წყალტუბო.,Tskaltubo Medical Wellness Resort.
ის წავა სტომატოლოგში.,He will go to the dentist.
ის წერილს დაწერა.,He wrote a letter.
ეკვადორი.,Ecuador.
კვიპროსი.,Cyprus.
ევროკავშირს.,the European Union.
ალბერტ აინშტაინი.,Albert Einstein.
ნინოწმინდის.,Ninotsminda.
იერუსალიმის.,Jerusalem.
ჰარი.,Harry Potter.
ბევრი მაქვს გასაკეთებლად.,I have a lot to do.
მერი.,Mary.
შემსრულებელი ვახტანგ ყოლბაია.,Vakhtang Kolbaia.
მანჰეტენის.,Manhattan.
ისინი არიან ტომის.,They're Tom's.
ომი გრძელდება!,The war continues!
"სახლში თუ დამაგვიანდება წასვლა, ნუ დამელოდები.","If I should be late getting home, please don't wait up for me."
ბუქარესტის.,Bucharest.
აკადემიის.,Academy.
იტალიურად ლაპარაკობ?,Do you speak Italian?
დასვენება!,Relax!
ჯი - ზე.,Escorthub.
მილანში.,Milan.
სენეგალი.,Senegal.
შეხვედრამდე.,See you.
შენ მე გიყვარვარ?,Do you love me?
უნივერსიტეტში.,University.
ქრისტიანული.,Christian.
ეს ანიტის სახლია.,It is Anita's house.
სტრასბურგში.,Strasbourg.
ეს ტელევიზორია.,This is a television.
შრი - ლანკა.,Sri Lanka.
ჩეხეთი.,Czech Republic.
მე სკოლაში მივდივარ.,I go to school.
ჩქარა დაბრუნდება.,He will come back soon.
საწყის ი.,Home  PRODUCTS.
ოლიმპიური თამაშები.,Olympic Games.
კომუნისტური.,Communist.
ქართული.,Georgian.
პალერმო.,Palermo.
პერუს.,Peruvian.
პეკინი.,Beijing.
პორტსმუთი.,Portsmouth.
ლიფტს ნუ გამოიყენებთ.,Don't use the elevator.
ალჟირი.,Algeria.
წიგნი მინდა.,I want a book.
ბულგარეთში.,Bulgaria.
ამერიკელები.,Americans.
ანტიდასავლური.,anti-Western.
მას მე არ უყვარვარ.,He doesn't love me.
გაზაფხულის ფესტივალი.,Spring Festival.
არასდროს მივსულვარ მეჩეთში.,I have never been to a mosque.
რუანდაში.,Rwanda.
რასაკვირველია.,Of course.
მე არ მოგაცდენ.,I won't keep you waiting.
მან თავის მოკვლა სცადა.,She attempted suicide.
ასამბლეის.,Assembly.
დიდი სახლი მაქვს.,I have a big house.
ქართულად ლაპარაკობთ?,Do you speak Georgian?
კლაუდია.,Claudia.
ყბედი ხარ.,You're a bigmouth.
გეთაყვა ნიღაბი ატარო.,Please wear a mask.
მე წიგნის დავწერ.,I'll write a book.
კვარიათი.,Kvariati.
ფრანგულ.,French.
რე_ბანკის.,Re_Bank.
პარლამენტმა.,Parliament.
ფემინისტი ხართ?,Are you a feminist?
ებრაელები.,Jews.
ჩემი მეგობარი უსარგებლოა.,My boyfriend is useless.
ის სახლის კაცია.,He's the man of the house.
ჩემი მეგობარი მექსიკაში ცხოვრობს.,My friend lives in Mexico.
ბერძნული.,Greek.
მწუხარე ვარ.,I'm sad.
კუბის.,Cuba.
აქართველოს.,Georgia.
კიევი.,Kiev.
ეთიოპია.,Ethiopia.
ევროკავშირი.,The European Union.
აი შენი ჩანთა.,Here is your bag.
ლაგოდეხის.,Lagodekhi.
გადატრიალებები ხშირია აფრიკის ქვეყნებში.,Coups are common in African countries.
"ვინ არის უფრო დაბალი, შენ თუ ტომი?","Who's shorter, you or Tom?"
კარგი ლექსიკონი მინდა.,I want a good dictionary.
იერუსალიმში.,Jerusalem.
ჯერ კიდევ ვგეგმავ წავიდე.,I'm still planning to go.
მინდა ვიყო ბავშვი.,I want to be a child.
პნომპენი.,Phnom Penh.
კიოტოში წასვლა მინდა.,I want to go to Kyoto.
კარფურის.,Carrefour.
მწვანე ბუდაპეშტი - ბინები თბილისშ.,Green Budapest - Apartments.
ყველა ის ვაშლი შევჭამე.,I ate all those apples.
გერმანია Train.,Germany Train.
თუხარელის.,Tukhareli.
ვიგებთ.,We understand.
უზენაესი სასამართლოს.,the Supreme Court.
სომხები.,Armenians.
ხუთი საათია.,It's five o'clock.
ის ყველაზე ლამაზი ქალია.,She's the most beautiful woman.
მოხუცი კაცი ყველას უყვარდა,The old man was loved by all.
აზრი აღარ აქვს ამაზე ფიქრს.,It's useless to keep on thinking any more.
ჩემს ძაღლს რეცხავს.,He washes my dog.
Karylle სოლანა.,Karylle Solana.
ევროკავშირ.,EU.
"წვენი არ არის საჭმელი, არამედ სასმელი.",Juice isn't food; it's a drink.
დედაჩემი სახლშია.,My mother is at home.
საბჭო.,Board.
ევროპარლამენტი.,European Parliament.
წარმართთა.,Gentiles.
ტერეზა მაისი.,Theresa May.
საწყისი.,Home  PRODUCTS.
თიბისი ბანკის.,TBC Bank 's.
მას მე უყვარვარ?,Does he love me?
დიდი ბრიტანეთ.,UK.
ტუნისში.,Tunisia.
თურქეთს.,Turkey.
თორმეტი საათია.,It's twelve o'clock.
ლამაზები ხართ.,You're beautiful.
"არა, მადლობა.","No, thank you."
კრედო ბანკი.,Credo Bank.
საიდუმლოს ვინახავ.,I'm keeping a secret.
მილის აქვს ლურჯი თვალები.,Millie's got blue eyes.
რობოტი.,Robot.
თბილის ი.,Tbilisi.
მაგიდა მწვანეა.,The table is green.
ლიბერია.,Liberia.
adminკატეგორიები.,ExactSpy.
ირლანდიის.,Irish.
ჩემი საყვარელი საჭმელია ჩიპსები.,My favourite food is crisps.
დავით ბერნსტაინ ი.,David Bernstein.
მაკედონიური.,Macedonian.
ლოკომოტივი.,Locomotive.
დავაპირეთ.,We promised.
ფრანგული ჩემი მშობლიური ენაა.,French is my native tongue.
ირანულ.,Iranian.
ამბობ რომ ჩემი ცხოვრება საფრთხეშია?,Are you saying my life is in danger?
ტომმა ყველა შეცდომა გაასწორა. ახლა ანგარიში სრულყოფილია.,Tom has corrected the all mistakes. Now the report is perfect.
ხმელთაშუა.,Mediterranean.
ჩრდილოეთ ამერიკის.,North American.
ნუ დაგვივიწყებ!,Don't forget about us!
ჩეხეთის.,Czech.
არასოდეს არ ისმენს რისი თქმაც მინდა.,He never hears what I'm trying to say.
გურიის.,Guria.
ინგლისურ.,English.
სტამბულში.,Istanbul.
შენ კარს აღებ.,You open the door.
კრემლის.,Kremlin.
ბრაზილია სამხრეთ ამერიკაში ყველაზე დიდი ქვეყანაა.,Brazil is the biggest country in South America.
ანგოლა.,Angola.
ძაღლები და კატები არ არიან მეგობრები.,Dogs and cats aren't friends.
დავიწყებთ რაც შეიძლება ჩქარა.,We will begin as soon as possible.
„სად ცხოვრობ შენ?“ „მე ტოკიოში ვცხოვრობ.“,"""Where do you live?"" ""I live in Tokyo."""
შვედეთის.,Sweden.
აზერბაიჯანი.,Azerbaijan.
მოწევა ბევრ ზიანს აყენებს.,Smoking will do you a lot of harm.
მე მიყვარს დონატები,I like doughnuts.
საბურთალოს.,Saburtalo.
მამუკა ბახტაძემ.,Mamuka Bakhtadze.
ის წერს სტატიას სკოლის გაზეთისთვის.,She's writing an article for the school newspaper.
იუნესკოს.,UNESCO.
დანიის.,Danish.
რომელი რესტორნების ქსელი მოგწონს?,Which restaurant chain do you like?
"მისი მშობლების აზრით, ის საკუთარ ფულს სულელ გოგოს ახარჯავდა.",His parents' view was that he was wasting his earnings on a silly girl.
ბრიტანეთს.,Britain.
სხვა სამყარო შესაძლებელია.,Another world is possible.
ახლა მინდა მასთან ლაპარაკი.,I want to talk to her now.
პრაღაში.,Prague.
ჩილე.,Chile.
ისლანდია.,Iceland.
დონალდმა უზმოზე დაიძინა.,Donald slept on an empty stomach.
ერითრეა.,Eritrea.
მე მოგცემ ვაშლს.,I'll give you an apple.
მაიკ.,Mike.
ახლო აღმოსავლეთის.,the Middle East.
ხმა მივეცი დარჩებას.,"I voted ""remain""."
თბილისის ჭადრაკის სასახლე.,Tbilisi Chess Palace.
ინდოეთის.,India.
შვეიცარია.,Switzerland.
ჰელსინკის.,Helsinki.
საქსტატის.,Geostat.
პორტუგალია.,Portugal.
მე არ ვარ მზად ქორწინებისთვის.,I'm not ready for marriage.
ნორვეგია.,Norway.
ძალიან ბედნიერი ვარ საქართველოში.,I am very happy in Georgia.
მე წერილს ვწერ ჩემი ქალიშვილისთვის.,I'm writing a letter to my daughter.
როგორია ცხოვრება რიოში?,How's life in Rio?
მე უნდა ის გავაკეთო ახლა?,Do I have to do it now?
ბედნიერი ვარ.,I'm happy.
მადლობა!,Thanks!
ქალწული.,Virgo.
მარტინ შულცთან.,Martin Schulz.
ყავლაშვილის.,Kavlashvili.
შემომეჭამა.,I accidentally ate the whole thing.
მე ხის ქვეშ ვარ.,I'm under the tree.
ბანგლადეში.,Bangladesh.
თქვენ მომღერალი ხართ.,You are a singer.
უნივერსიტეტს.,University.
ჩემი და არის ორი წლით უმცროსი ჩემზე.,My sister is two years younger than me.
რა გქვიათ?,What's your name?
შევთანხმეთ.,We concurred.
ფრანგულად ლაპარაკობ?,Do you speak French?
რით არის ის სახლი აშენებული?,What is that house built out of?
კურო.,Taurus.
სადაური ხართ?,Where are you from?
საკრებულოს.,Sakrebulo.
ის ტომისაა?,Is that Tom's?
Shandong პროვინციაში ჩინეთ.,Shandong Province.
დავით.,David.
მექსიკა.,Mexico.
საბერძნეთში.,Greece.
ირანული.,Iranian.
როგორ ბრძანდებით?,How are you?
პარიზში წასვლა მინდოდა.,I wanted to go to Paris.
ერაყი.,Iraq.
სერბეთში.,Serbia.
ზოგადად რვა საათზე ვდგები.,I usually get up at eight o'clock.
ეს ლურჯია?,Is this blue?
უკრაინა.,Ukraine.
არგენტინაში.,Argentina.
რატომ თხოვ?,Why do you ask?
ქარიშხალია.,There is a storm.
ნიკარაგუა.,Nicaragua.
ტომი არ ატარებდა თავის ახალ ქუდს.,Tom wasn't wearing his new hat.
ადვოკატირების საკონსულტაციო კომიტეტის.,Advocacy Advisory Council.
აღმოსავლეთ პარტნიორობის.,EaP.
იაპონიაში წასვლა მინდა.,I want to go to Japan.
შეერთებული შტატების.,United States.
მინდა ამერიკაში წავიდე.,I want to go to America.
როგორ შემიძლია დავარწმუნო?,How can I be sure?
მიუნხენი.,Munich.
ჰოლანდია.,Holland.
ჰოლივუდის.,Hollywood.
რუსული.,Russian.
იოკოჰამაში ვცხოვრობ.,I live in Yokohama.
ემილი ხარ.,You're Emily.
ედუარდ შევარდნაძე.,Eduard Shevardnadze.
მელანი ვაშლს ჭამს.,Melanie is eating an apple.
ბრიტანეთის საბჭოს.,the British Council.
გეთაყვა ნიღაბი ატაროთ.,Please wear a mask.
მას ჰყავს ახალი მანქანა.,She has a new car.
ევროპაში ხარ!,You're in Europe!
კათოლიკური.,Catholic.
ყველი ყვითელია.,The cheese is yellow.
გოგო სვამს თევზის წყალს.,A girl drinks the fish's water.
ინდუსები.,Hindus.
ეს არის ტელევიზორი.,This is a television.
ვალენტინობის.,Valentine.
კენი თამაშობს ტენისს?,Does Ken play tennis?
ემილი და მელანი ინგლისელი არიან.,Emily and Melanie are English.
ერთი ენა არასოდეს არაა საკმარისი.,One language is never enough.
გაერთიანებული სამეფოს.,the United Kingdom.
საბჭოთა კავშირის.,Soviet Union.
აშშ.,US.
კორეა.,Korea.
ჯონსონის.,Johnson.
წყალი გაქვთ.,You have water.
რუსეთი ოკუპანტია.,Russia is an occupant.
ესპანეთშ ი.,Spain.
ასოციაციის.,Association.
კობის.,Kobi.
ლათინური.,Latin.
მწუხარე ხარ.,You're sad.
ჯგუფი სამოგზაუროდ.,Group Travel.
მაქსიმალური სიმძლავრე.,Max Power.
Tannin კულინარია.,Tannin.
თბილისი.,Tbilisi.
სლავური.,Slavic.
შენ მომღერალი ხარ.,You are a singer.
მეთიუ.,Matthew.
მაკედონიის.,Macedonia.
აფხაზეთის.,Abkhazia.
ტაივანი.,Taiwan.
ედინბურგში.,Edinburgh.
"""ვისია ეს სკამი?"" _""ჩემია"".","""Whose chair is this?"" ""Mine."""
გირჩევ გადახედო ეს დოკუმენტები.,I suggest examining these documents.
იდიოტო!,You idiot!
თერჯოლის.,Terjola.
ტომი არ ცხოვრობს ავსტრალიაში?,Doesn't Tom live in Australia?
გთხოვთ გააგრძელოთ ეს ვიზა.,Please extend this visa.
კოალიცია.,Coalition.
სად რჩები?,Where are you staying?
და ინფრასტრუქტურის სამინისტროს საავტომობილო გზების.,the Ministry of Regional Development and Infrastructure of Georgia.
ესენინის.,Yesenin.
კავკასიის საერთაშორისო უნივერსიტეტის.,Caucasus International University.
აღმოსავლეთ პარტნიორობის.,Eastern Partnership.
ჩრდილოეთ ირლანდიის.,Northern Ireland.
სარა.,Sarah.
დასავლეთში.,West.
IC ბაზრები.,IC Markets.
შაქარი აქვთ.,They have sugar.
გადი.,Get out.
წყალტუბო.,Tskaltubo.
აკვარიუმის თევზი Corydoras.,Aquarium Fish Corydoras.
მე აქ არ ვცხოვრობ.,I don't live here.
გარდაბნის.,Gardabani.
""" ინოვაციური ტექნოლოგიური გ ადაწყვეტილებები.",“ Innovative Technology Solutions.
საბერძნეთი.,Greece.
ალჟირის.,Algeria.
ნიგერია.,Nigeria.
"ჰეი, შენ!","Hey, you!"
გიყვარს დედა?,Do you love your mother?
სტოკჰოლმში.,Stockholm.
უნივერსიტეტის.,The University.
ალბანეთის.,Albania.
ვიკიპედია.,Bitcoin.
"მინდა შენთან ლაპარაკი, ტომო.","I want to talk to you, Tom."
კიდევ ერთი კმაყოფილი მყიდველი.,Another satisfied customer.
რუკა.,Map.
ომანი.,Oman.
პეკინი - ახალი ჩინეთის საერთაშორისო საგამოფენო ცენტრ ი.,Beijing - New China International Exhibition Center.
სამხრეთ კავკასიის.,South Caucasus.
ეს ჩემი ძაღლია.,This is my dog.
კამბოჯის.,Cambodia.
შოტლანდიის.,Scottish.
სად არ გინდა წასვლა?,Where do you not want to go?
ტომმა დაემშვიდობა თავის ოჯახს.,Tom said goodbye to his family.
მოლდოვას.,Moldova.
ტაჯიკეთი.,Tajikistan.
მაიკლ.,Michael.
"გელამ თქვა, რომ მამა წავიდა ქალაქში.",Gela said that Father went into the city.
ლაზარე.,Lazarus.
მენადმა დაინახა რომ მისი მეგობარი მოკვდა.,Mennad saw his friend die.
"სიტყვები, სიტყვები...","Words, words..."
გვახსოვს.,We remember.
დასავლური.,Western.
კელტური.,Celtic.
ჯგუფი სკოლა სოციალური კლუბი.,Group School Social Club.
სად იყავი წუხელ?,Where were you last night?
შენ გშია.,You're hungry.
ფილიპინების.,Philippines.
ქიმია მძულს.,I hate chemistry.
რუსეთს.,Russia.
ირანში.,Iran.
ისევ შეუყვარდა.,He's fallen in love again.
ქრისტიანები.,Christians.
აფხაზეთი და სამაჩაბლო საქართველოა!,Abkhazia and Samachablo are Georgia!
მონტენეგრო.,Montenegro.
ვაშინგტონში.,Washington.
ლომი.,Leo.
"უკეთესი იქნებოდა, რომ არ წასულიყავი.",You'd better not go.
რუსულ.,Russian.
აკადემიის უნივერსიტეტის ეროვნულ ბიბლიოთეკაში კონსტიტუციის მოედანზე.,the Academy the University the National Library The Constitution Square.
ფოთში.,Poti.
უზბეკეთი.,Uzbekistan.
ჩრდილოეთ ამერიკაში.,North America.
უშნო ხარ.,You're ugly.
იტალიური.,Italian.
არავის არ ესმის ჩემი.,Nobody understands me.
მინდა გავაკეთო.,I want to do it.
იმერეთის.,Imereti.
პერუს.,Peru.
მე არ მიყვარს ექიმები.,I don't like doctors.
აფრიკის.,Africa.
კიევში.,Kyiv.
ბევრი მეგობარი მყავს.,I have many friends.
მე წყალს ვსვამ.,I drink the water.
ესენი არიან სტუდენტები.,These are students.
ყაზბეგის.,Kazbegi.
ყაზახეთი.,Kazakhstan.
ამერიკული.,American.
მზე იყო.,It was sunny.
ქართველი.,Georgians.
სამცხე.,Samtskhe.
გეჩქარებათ?,Are you in a hurry?
ფანტაზია უფრო მნიშვნელოვანია ვიდრე ცოდნა. ცოდნას საზღვრები აქვს.,Imagination is more important than knowledge. Knowledge is limited.
დასაწყისი .,DE.
ჯოზეფ.,Joseph.
მე არა ვარ დიქტატორი.,I'm not a dictator.
ბაღდათის.,Baghdati.
არავინ იცის რა მოხდება.,No one knows what'll happen.
გუდაურის.,Gudauri.
ირანი.,Iran.
ლამაზი კაბაა.,Nice dress.
აზერბაიჯანის.,Azerbaijan.
ტოიოტა სიტი აიჩი იაპონი.,Toyota City Official Travel Site.
რუკიდან ელ - ფოსტის ფილტრი მენეჯერი.,the Junk Email Filter Manager.
ევროპელები.,Europeans.
ტანზანია.,Tanzania.
თურქული.,Turkish.
სამხრეთ ამერიკის.,South America.
ბიჭები კითხულობენ კითხვები.,The boys are asking questions.
მე მომწონს შენი ციხე.,I like your castle.
ვეღარ მძინავს.,I can't sleep any more.
ფონდი.,Foundation.
არაბული.,Arabic.
წიგნი მაქვს.,I have a book.
იტყუებით.,You are lying.
Swanson ვიტამინები.,Swanson Vitamins.
რამდენ დროს წაიღებს?,What is taking so long?
ფონდი.,SRNSFG.
ბათუმშ.,Batumi.
მე შენს მხარეს ვარ.,I'm on your side.
ოთხი შვილი მყავდა.,I had four children.
ებრაულად ლაპარაკობ?,Do you speak Hebrew?
უბრალოდ არ ვიცი რა უნდა ვთქვა.,I just don't know what to say.
"არ მინდა, რომ თომი ჩემი პატრონი იყოს.",I don't want Tom to be my boss.
თიბისი ბანკი.,TBC Bank.
მე ვარ ქვრივი.,I am a widow.
მზადაა!,Ready!
ამერიკელი ვარ.,I come from America.
ამერიკაში წასვლა მინდა.,I want to go to America.
სახლიდან გასხვლა არ მინდა ამ საღამოს.,I don't want to go outside this afternoon.
ტომმა წავიდა.,Tom's gone.
მე ძალიან მორცხვი ვარ.,I'm very shy.
ბორჯომის.,Borjomi.
ლონდონში.,London.
პუშკინის.,Pushkin.
ბორჯომი.,Borjomi.
გერმანია.,Germany.
კრწანისის.,Krtsanisi.
კაზაკები.,Cossacks.
Hans Kottke წარწერები.,Hans Kottke.
სააგენტოს.,Agency.
ლუი აგუ.,Louis Auge.
ქვემო ქართლის.,Kvemo Kartli.
Seki შოუ.,Seki Show.
ნათია თურნავამ.,Natia Turnava.
აღმოსავლეთ ევროპის.,East European.
გერმანულად ლაპარაკობთ?,Do you speak German?
მინდა მისი გაკეთება.,I want to do it.
დონეცკის.,Donetsk.
ჰონკონგი.,Hong Kong.
წყალი ძალიან ცხელია.,The water's very hot.
სლოვაკეთის.,Slovakia.
ხაშურის.,Khashuri.
ლენინგრადის.,Leningrad.
"დიახ, რასაკვირველია.","Yes, of course."
მავრიტანიის.,Mauritania.
დღეს სამუშაო დღეა.,Today is a working day.
კომპანიის სიახლეები.,Company News.
მინდა რომ სამაგიერო გადაგიხადოთ თქვენი გულკეთილობისთვის უახლოეს მომავალში.,I would like to repay your kindness in the near future.
აჭარაში.,Ajara.
ტაივანის.,Taiwan.
ბაკურიანშ ი.,Bakuriani.
მექსიკის.,Mexican.
ევროკავშირში.,EU.
მოდი როგორც კი შეგიძლია.,Come as soon as you can.
გონიოს.,Gonio.
"ვიცი, რომ ტომმა ეს გააკეთა.",I know Tom did this.
ტატიანა.,Tatiana.
მარსელი.,Marseille.
ეს სახლი აშენდა ერთი წლის წინ.,This house was built a year ago.
ბარსელონაში.,Barcelona.
მუშაები გაფიცვაში არიან.,Workers are on strike.
რატომ გძინავს?,Why are you sleeping?
რამდენ ხანს დარჩით?,How long did you stay?
მეფე ცხოვრობს ციხეში.,The king lives in the castle.
ბალკანეთის.,Balkans.
მე ვარ ჟურნალისტი.,I am a journalist.
ბევრი მაქვს გასაკეთებელი.,I have a lot to do.
არქივი აირჩიეთ თვე.,Archives Select Month.
ბრიტანეთი.,Britain.
ტურისტებისთვისაა.,It's for tourists.
"კვერცხები სად არიან, გეთაყვა?","Where are the eggs, please?"
ევროკომისიის.,European Commission.
ქარიშხალი იყო.,There was a storm.
არცერთს არ უნდა დაგვეხმაროს ჩვენ.,No one wanted to help us.
ვლადიმერ.,Vladimir.
მან თავი მოიკლა.,He committed suicide.
გრიგოლ ნემსაძემ.,Grigol Nemsadze.
თურქეთის.,Turkey.
გერმანულად ლაპარაკობ?,Do you speak German?
მე არ ვმღერი.,I do not sing.
რა იყო თურქეთის პირველი კერძო არხი?,What was the first private channel in Turkey?
აშშ.,U S.
თურქულად ლაპარაკობ?,Do you speak Turkish?
ეს წიგნები ჩემი დის არიან.,Those are my sister's books.
აიოვას.,Iowa.
ანკარა.,Ankara.
თბილისის.,Tbilisi.
ყავა ამ რესტორანში არაა ძალიან კარგი,The coffee at this restaurant isn't very good.
მე ვფიქრობ ტომი მომზადებს საუზმეს.,I think Tom will make breakfast.
ყველა გოგონას არ სძულს მამაკაცი.,Not all girls hate men.
რა არის შენი ცხოვრების მიზანი?,What is your ultimate goal in your life?
ციმბირის.,Siberian.
უელსის.,Welsh.
მარცხენა ფეხი მტკივა.,My left foot hurts.
ამბროლაურის.,Ambrolauri.
საწყის ი გვერდიპროდუქციაინსტრუმენტებისამაგრებილითონის სამაგრი დიუბელები სამაგრები .,Home  PRODUCTS  TOOLS  Fixture  Ironmongery.
აღმოსავლეთ.,East.
ალექსანდრიის.,Alexandria.
ბრიტნი.,Britney.
თურქული.,Turkish.
ადამის.,Adam.
გაიანა.,Guyana.
პალაუს.,Palau.
სილვიო.,Silvio.
ევროკავშირი.,European Union.
ლატვიის.,Latvian.
ეუთო.,OSCE.
მე ვფიქრობ ჩვენ ვართ შემდეგი.,I think that we're next.
ბრიტანეთის საბჭო.,British Council.
სახლი მაქვს.,I have a house.
გერმანიას.,Germany.
AC კომუნალური სატვირთო.,AC Utility Truck.
ევროკავშირსა.,EU.
მოთოვა.,It snowed.
სასამართლომ.,Court.
ჭავჭავაძის.,Chavchavadze.
სადაური ხარ?,Where are you from?
დსთ -ს.,CIS.
გამოცდაზე იყო წერილობითი ნაწილი.,The exam had a written portion.
გუდაური.,Gudauri Ski Resort.
სადაა ჩემი წიგნი?,Where is my book?
საქართველოს პარლამენტს.,the Parliament of Georgia.
ყირგიზეთი.,Kyrgyzstan.
ინტერნეტის სამინისტროებს დარეგისტრირებული აქვთ.,Internet Ministries.
კარგი. სად ცხოვრობ შენ?,Ok. Where do you live?
შენ მჭორავ მე დედაჩემთან.,You gossip to my mother about me.
მას ჰყავს ახალი კლიენტი.,He has a new client.
ოციტანური ენა მიყვარს.,I like the Occitan language.
ექვსი საათია.,It's six o'clock.
სომხურ.,Armenian.
ზამთარში ცურვა არ არის საშიში ჯანმრთელი ხალხისთვის.,Winter swimming isn't dangerous for healthy people.
არსად ვაპირებ წასვლას.,I'm not going to go anywhere.
ყირიმის.,Crimea.
ნორვეგიაში.,Norway.
პოლ მანინგი.,Paul Manning.
ებრაული.,Hebrew.
მე უნდა წავიდე ბოსტონში ტომთან ერთად.,I have to go to Boston with Tom.
პარლამენტში.,Parliament.
რა დახმარებას მივიღებ?,What help do I get?
ნიდერლანდების.,Netherlands.
კორსიკა.,Corsica.
დაე ტომმა ატაროს რაც უნდა.,Let Tom wear what he wants.
ნიკანორი.,Nicanor.
სივრცე ცივია.,Space is cold.
საუდის არაბეთი.,Saudi Arabia.
ახალი წელი.,the New Year.
დისნეილენდში.,Disneyland.
საოლქო.,DECs.
ეს შენ თქვი!,You said it!
ბედუინები ცხოვრობენ უდაბნოში.,Bedouins live in the desert.
დასავლურ.,Western.
მოლდოვა.,Moldova.
სად არის პულტი?,Where is the remote control?
შვიდი საათია.,It's seven o'clock.
ქვეყანა აფასებს პრეზიდენტს.,The country respects the president.
დაახველა.,He coughed.
შენ ძალიან დაბალი ხარ.,You're very short.
კოლუმბია.,Colombia.
პომიდორები კარგად გაიზარდნენ.,The tomatoes have grown well.
ტაილანდი.,Thailand.
აზერბაიჯანის.,Azerbaijani.
კეთილი იყოს შენი შინ დაბრუნება.,Welcome home.
ძალიან მხიარული არიან.,They are very cheerful.
Puritan - ის სიამაყე.,Puritan ’s Pride.
ღამის სასტუმროები და რესტორნები მიმოხილვა.,Nightlife Restaurants and Hotels Review.
სამედიცინო ცენტრი.,Medical Center.
დავით ჭყონია.,David Tchkonia.
სტამბოლში.,Istanbul.
შენ რა უპასუხე?,What did you answer?
წყალი გაქვს.,You have water.
ში GAP - ში.,GAP.
რუმინეთის.,Romania.
ტომი დაინახე ავსტრალიაში?,Did you see Tom in Australia?
პაკისტანი.,Pakistan.
ჩემს გზაში ხარ.,You are in my way.
ნაძალადევის.,Nadzaladevi.
ვენესუელის.,Venezuelan.
ქუთაისშ ი.,Kutaisi.
სლოვენია.,Slovenia.
საბერძნეთი ძველი ქვეყანაა.,Greece is an old country.
კაცი ხარ თუ ქალი?,Are you a man or a woman?
არასამთავრობო.,NGO.
რ ქვათაძემ.,R Kvatadze.
გნებავთ რომ შეუკვეთოთ?,Would you like to order?
"ტომიც მასწავლებელია, არა?","Tom is a teacher, too, isn't he?"
ეს წიგნი არის ჩემი.,This book is mine.
ბუნების გზა.,Nature ’s Way.
საბჭოთა კავშირში.,the Soviet Union.
ჯონსონი.,Johnson.
ჩრდილოეთ ამერიკა.,North America.
"ადამიანთა უმეტესობა ფიქრობს, რომ მე ვარ გიჟი.",Most people think I'm crazy.
ჩემი ძაღლი არ არის აქ.,My dog isn't here.
ალბათ თავისი ძველი მეგობრის სანახავად წავიდა.,He must have gone to see his old friend.
 ამერიკული საბჭოები სამხრეთ.,ARISC.
სენეგალის.,Senegal.
უკრაინის.,Ukrainian.
შპს.,LLC.
სსიპ -,LEPL - Academy.
ტომი როგორ მიდის ავსტრალიაში?,How is Tom going to Australia?
ეს არის გოგო.,This is a girl.
ჩემი ძმები ხის ქვეშ არიან.,My brothers are under the tree.
მე მიყვარს ისტორიის სწავლა.,I like studying history.
გერმანელი.,German.
რუსეთიდან ვარ.,I am from Russia.
ეს ხე ჩემმა ბაბუამ დარგო.,My grandfather planted this tree.
მოზამბიკი.,Mozambique.
ხორვატიაში.,Croatia.
ლენინის.,Lenin.
ბათუმში.,Batumi.
ნინო.,Nino.
ემილი წერილს წერს.,Emily is writing a letter.
ძალიან გიყვართ ერთმანეთი?,Do you love each other very much?
"მითხრათ, ვინ არის ეს ვაჟი?",Tell me; who is this young man?
საშას ქონდა ძლიერი ტკივილი მარჯვენა ხელში.,Sasha had a sharp pain in her right hand.
ქართველების.,Georgians.
მოწვეული ვარ?,Am I invited?
კსუ -ს.,CIU.
ნიკორას.,Nikora.
ბერძნულ.,Greek.
ის დიდი ძაღლია.,It is a big dog.
ათენში.,Athens.
ჭამა მინდა.,I want to eat.
ცხოვრება საჩუქარია.,Life is a gift.
რუსეთ.,Russia.
ხარკოვის.,Kharkov.
ქართლში.,Kartli.
ტომი გაკეთებას გამოტოვებას აპირებს.,Tom is going to miss doing that.
ევროპარლამენტი.,The European Parliament.
ეგ ვაშლია?,Is that an apple?
ინგლისში.,England.
გამჭვირვალ ე Labs.,Transparent Labs.
ვინ მოგცა ნებართვა?,Who gave you permission?
ტყიბულის.,Tkibuli.
ინგლისიდან ვარ.,I come from England.
სტამბული.,Istanbul.
პეტერბურგის.,St Petersburg.
ის გოგოა.,She's a girl.
"ღიმილი, რომელსაც გაგზავნი, ისევ შენ დაგიბრუნდება.",The smile you send out returns to you.
მე შენს შესახებ ვისაუბრებ.,I'll talk about you.
ბრაზილიის.,Brazilian.
ორი ქალიშვილი მყავს.,I have two daughters.
ჩემი ცხოვრება ცარიელია მის გარეშე.,My life is empty without him.
შეგიძლია წახვიდე თუ გინდა.,You can go if you want to.
წყალტუბოში.,Tskaltubo.
ბიას.,BIA.
სამი ცალი მომეცით გეთაყვა.,I'd like three of these.
ჯილდო ფონდი.,The Reward Foundation.
ინდონეზიაში.,Indonesia.
სამხრეთ.,South.
მასშტაბით wBuyBuy Global მაღაზია.,BuyBuy Global Shop.
ვალენსია.,Valencia.
ლათინურ.,Latin.
პარლამენტის.,Parliament.
ზღვაში კუნძულებია.,There are islands in the sea.
კორეის.,Korean.
სამხრეთ ოსეთის.,South Ossetia.
როგორც იქნა შევხვდით! დიდხანს ველოდებოდი ამ დღეს!,At last we meet! I've waited so long for this day!
Piwigo - ტექდახმარება.,Piwigo - Contact.
Isobella ფრანკს.,Isobella Franks.
პრივატბანკი.,Privatbank.
არაფერი ვნახე.,I did not see anything.
საქართველ.,Georgia.
ლონდონი.,London.
Piwigo - ტექდახმარება.,Piwigo - Contact.
ეს სიმსუქნის შესახებ წიგნია.,This is a book about obesity.
ლიბერთი ბანკი.,Liberty Bank.
დსთ -ს.,CIS.
ეჭვი მეპარება.,I doubt it.
მე ვარ აბაზანაში.,I'm in the bath.
ადამი.,Adam.
ჯგუფი.,Group.
რუსეთი.,Russia.
ეგვიპტის.,Egyptian.
ევროპაშ.,Europe.
"გაზაფხულზე , ბუნება ხდება მწვანე.","In spring, nature turns green."
"ის ამბობს, რომ გიცნობს.",He says that he knows you.
საქართველოს სახალხო დამცველი.,The Public Defender of Georgia.
და შენ?,And you?
ქრისტიანი.,Christian.
ჩემი დედა ენა არის ესპანური.,My mother tongue is Spanish.
თურქულ.,Turkish.
წასვლას ვაპირებ.,I'm going to go.
ნატურალურად !,Naturally.
ჩვენი შეხვედრა შემთხვევითი იყო.,Our meeting was quite accidental.
გინდა წასვლა?,Do you want to go?
სასამართლო.,Court.
გავზვიადეთ.,We exaggerated.
გამომყევი მე!,Follow me!
ტოკიოში წასვლა მინდა.,I want to go to Tokyo.
მომწონს სიმარტივე,I like simplicity.
ადრიანეს Arch პარლამენტის.,the Hadrian ’s Arch the Parliament.
შენ ყოველთვის მღერი.,You always sing.
ბოლონიის.,Bologna.
ჩემი დედა ენა ესპანურია.,My mother tongue is Spanish.
შემიძლია აქ ვმუშაობ?,Can I work here?
ტაიპე ქალაქი.,Taipei City.
Leo Henryვიკიპედია ამბებ.,Leo HenryBitcoin.
ამ ქარხანაში ვმუშაობდი.,I worked in this factory.
შენ დარეკე?,You called?
ტუალეტის ქაღალდი არ არის.,There's no toilet paper.
რას სწავლობს სოვეტოლოგი?,What does a Sovietologist study?
ყინული დნება.,The ice is melting.
ზღვაშია კუნძულები.,There are islands in the sea.
ახალ ზელანდიაში.,New Zealand.
ურეკი.,Ureki.
ინგლისურის.,English.
შენ არა ხარ ექიმი.,You're not a doctor.
ბანკის.,Bank.
ციმბირში.,Siberia.
მსოფლიო ომის.,World War II.
თურქები.,Turks.
საერთაშორისო განვითარების სააგენტოს.,Agency for International Development.
ყავა მომიტანა.,He brought me coffee.
სიმარტივე მომწონს,I like simplicity.
ცხოვრება მინდა.,I want to live.
ტაქსის გამოძახების.,Maxim.
წითელი სახლი მაქვს.,I have a red house.
"უკაცრავად , თქვენ საუბრობთ იტალიურად?","Excuse me, do you speak Italian?"
სად არის სასტუმრო?,Where is the hotel?
კანარის კუნძულები.,the Canary Islands.
მეტრო.,Metro.
"დამსაქმებლებს არ შეუძლიათ უარი თქვან მომუშავეთა აყვანაზე მათი რასის, რელიგიის, ეთნიკური წარმომავლობის, კანის ფერის, სქესის, ასაკის, მატერიალური სტატუსის, შეზღუდულობის ან სექსუალური ორიენტაციის გამო.","Employers cannot refuse to hire workers because of their race, religion, ethnic origin, skin colour, sex, age, marital status, disability or sexual orientation."
შემომაკვდა.,I accidentally killed.
ჰააგის.,Hague.
არ უსმენ.,You're not listening.
თბილის.,Tbilisi.
მალე დავბრუნდები.,I will be back soon.
ავსტრალიის.,Australian.
მენადი ყაჩაღია.,Mennad is a robber.
მე მიყვარს წიგნების კითხვა.,I love to read books.
მე ვარ იგივე ნავში.,I'm in the same boat.
წესები არიან?,Are there any rules?
გული მაქვს.,I have a heart.
მე ვეგეტარიანელი ვარ.,I am a vegetarian.
მშიერი ვარ.,I am hungry.
საბჭომ.,Council.
ინდოეთში.,India.
პანამა.,Panama.
ბელორუსიის.,Belarus.
ტომი.,Tom.
სამგორის.,Samgori.
თომი დესერტს არ ჭამს.,Tom doesn't eat dessert.
ბარსელონა.,Barcelona.
ეგეოსის.,Aegean.
ქრისტიანულ.,Christian.
რომი.,Rome.
აკვარიუმის თევზი.,Aquarium Fish.
მისი ლექციამ თავის დროზე დაიწყო.,His lecture started on time.
ბევრია გასაკეთებლად.,There is a lot to do.
ჰოლანდიელი.,Dutch.
ნამიბია.,Namibia.
ნოვოსიბირსკის.,Novosibirsk.
აბუ დაბიში.,Abu Dhabi.
მეგობრობის სადღეგრძელო დავლიოთ!,Cheers!
ახლო აღმოსავლეთში.,the Middle East.
ბილეთი.,Mainland.
გიორგი.,Giorgi.
ეს ნოხია გაწმენდილი.,This rug has been cleaned.
კავკასიური.,Caucasian.
მელანი ახლავე და­კა­ვე­ბუ­ლია.,Melanie is busy right now.
მივყვეთ.,We succeeded.
ესტონეთში.,Estonia.
სოფელში ძროხა არის.,There is a cow in the village.
საბჭოთა.,Soviets.
ესავი.,Esau.
მე ცალთვალა ვარ.,I'm one-eyed.
მერწყული.,Aquarius.
ლუქსემბურგში.,Luxembourg.
ჰააგის.,The Hague.
გავცივდი.,I have a cold.
ლაოსი.,Laos.
დიდი ბრიტანეთის.,UK.
სად გინდა წასვლა?,Where do you want to go?
მუსულმანური.,Muslim.
შენ ინგლისურს სწავლობ.,You study English.
აშშ.,the U S.
ზიმბაბვე.,Zimbabwe.
მე შენ მიყვარხარ.,I love you.
მალაიზია.,Malaysia.
დუშეთის.,Dusheti.
ინგლისელი ვარ.,I come from England.
ეს ჩემი ძროხაა.,This is my cow.
ძალიან დამღალე.,I'm so tired of you.
ბაჰამის.,Bahamas.
მაკედონია.,Macedonia.
კარგად ხარ?,You all right?
კახეთის.,Kakheti.
მადონა.,Madonna.
Channel გათავისუფლები ს.,Channel Release.
კომპანიას.,Company.
ესპანურ.,Spanish.
მე აქ აღარ ვცხოვრობ.,I don't live here anymore.
ამინდი.,Accurate Weather Forecast.
თბილისშ.,Tbilisi.
ბორის პასტერნაკი.,Boris Pasternak.
მეგობრობის სადღეგრძელო დავლიოთ!,Let us drink to friendship!
თამარ.,Tamar.
მთავარი  უსაფრთხოების.,Home  Security.
იუსტიციის სამინისტროს.,the Ministry of Justice.
- საქართველოს.,ENG.
ნუ ტირი.,Don't cry.
ყურძენი გაქვს.,You have grapes.
ნიდერლანდებში.,Netherlands.
მერწყული.,Aquarius.
როდის აშენდა ეს საავადმყოფო?,When was this hospital built?
ის თქვენ ორი საათი გელოდათ.,He waited for you for two hours.
სენაკის.,Senaki.
საქართველოშ.,Georgia.
ოსმალეთის.,Ottoman.
ახალციხეში.,Akhaltsikhe.
მხოლოდ ვიცი ზოგიერთი სიტყვა და ფრაზა.,I only know some words and phrases.
გრამატიკა ძალიან რთულია.,Grammar is very complicated.
შრომის.,Labour.
ამერიკის შეერთებულ შტატებში.,the United States.
მე მოგცემ საჩუქარს.,I'll give you a present.
მე არ ვიცი იაპონურად ლაპარაკი.,I don't speak Japanese.
მე ვარ ამერიკელი.,I come from America.
რესტორანში ვარ.,I'm at the restaurant.
ზღვაშია კუნძულებია.,There are islands in the sea.
გაგიჟდი?,Are you mad?
ის კარს აღებს.,He opens the door.
ეს არის ჩემი წიგნი.,This is my book.
დასეტყვა.,It hail stoned.
ბაკურიანის.,Bakuriani.
თურქმენეთის.,Turkmenistan.
მაგიდაზე რუკა არის.,There is a map on the table.
ის არის ახალი სურათი?,Is it a recent picture?
ხორვატია.,Croatia.
დაივიწყე. ეს უბრალოდ იდეა იყო.,Forget it. It was just an idea.
ამ გზაჯვარედინზე მოხდა ავარია.,An accident happened at this junction.
იტალიაში წასვლა მინდა.,I want to go to Italy.
ნინო ლომჯარია.,Nino Lomjaria.
მწვანე გიხდება.,Green suits you.
საუდის.,Saudi.
ეს რა ეღირება?,How much will it cost?
მე სააფთიაქოში ვმუშაობ.,I work in a pharmacy.
"ერთმანეთს უყურებენ, მაგრამ არ საუბრობენ.",They look at each other but they don't talk.
მობრძანდით,Come in.
ფიქრებში დაიკარგა.,He is lost in thought.
ავსტრალია.,Australia.
საუბნო.,PECs.
სამეგრელო.,Samegrelo.
ტომი და მერი ანტიფაშისტები არიან.,Tom and Mary are anti-fascists.
თავი კიდევ მტკივა.,I have a headache again.
Tatiana გარეშე.,Tatyana.
მიხეილ Khazin.,Mikhail Khazin.
სამართლიანი არჩევნებისა და დემოკრატიის საერთაშორისო საზოგადოება.,The International Society for Fair Elections and Democracy  ISFED .
უფერო მწვანე წარმოდგენებს გააფთრებულად ძინავთ.,Colorless green ideas sleep furiously.
შენ გაქვს ჩემი ნებართვა.,You have my permission.
ჩაკეტილი ვიყავი! რაღაც ცუდი უნდა ხდებოდეს.,I was locked out! There's got to be something fishy going on.
წავალთ შენთან ერთად.,We'll go with you.
მონღოლეთი.,Mongolia.
კომისიას.,Commission.
ქრისტიანობა.,Christianity.
რას შეისწავლის სოვეტოლოგი?,What does a Sovietologist study?
უნგრეთის.,Hungary.
კატა წიგნს კითხულობს.,The cat is reading a book.
საბჭოთა კავშირის.,the Soviet Union.
ბრიუსელი.,Brussels.
ბელორუსია.,Belarus.
ქრისტიანად აღიზარდა.,She was raised a Christian.
ტრამპის.,Trump.
მოწევა თავის მოკვლაა.,Smoking means suicide.
ნიკორას.,Nikora.
ერთი ნაბიჯი და მკვდარი კაცი ხარ.,"One more step, and you'll be a dead man."
ტომი არ არის შიგნით.,Tom's not in.
საუბნო საარჩევნო კომისიების.,PEC.
ჩეხური.,Czech.
ჩინურად ლაპარაკობ?,Do you speak Chinese?
საუკეთეს ო Forex რობოტები.,the Best Forex Robots.
ვერძი.,Aries.
ინგლისში წასვლა მინდა.,I want to go to England.
ახმეტის.,Akhmeta.
ბუქარესტში.,Bucharest.
ანკარას.,Ankara.
ბალის.,Bali.
"ტომი მარის მეზობელია, არა?","Tom is Mary's neighbor, isn't he?"
ქართული.,Georgian.
სოლომონ.,Solomon.
გიყვარს დედაშენი?,Do you love your mother?
ტოსტერის შეკეთება მომიხდა.,I had to fix the toaster.
პეკინში.,Beijing.
რამდენი ხანია ხართ იაპონიაში?,How long have you been in Japan?
ჩინეთში.,china.
ვინ იყო ექსპედიციის წინამძღოლი?,Who was the leader of the expedition?
ამ ვაშლს ვისაც უნდა იმას მივცემ.,I'll give this apple to whoever wants it.
ბანკი.,Bank.
დათვმა არცერთი ქვა არ დატოვა ამოუტრიალებელი მსუქალი ხოჭოების ძებნისას.,The bear left no stone unturned in his search for fat bugs under the rocks.
ეს ტომის სკოლაა.,This is Tom's school.
მცივა. შეიძლება ფანჯარა დავხურო?,I'm cold. May I close the window?
ქრისტიანობის.,Christianity.
ბალტიის.,Baltic.
თბილისის სახელმწიფო სამედიცინო უნივერსიტეტი.,Tbilisi State Medical University.
სნოუ პლაზა.,Snow Plaza.
უნგრეთში.,Hungary.
მე ვარ ჩოგბურთის კლუბში.,I'm in the tennis club.
ჩაი და ყავა გეხმარება დღის დაწყებაში.,Tea and coffee helps to start the day.
საიდან ეს დროშა?,Where does this flag come from?
მე მგონი ტომი ბოსტონში ცხოვრობს.,I think Tom lives in Boston.
ყოველთვის ვუყურებ ამ სურათს მორყვნით.,I always view this photo with disgust.
იტყუები.,You are lying.
მეთიუ.,Matt.
მონაკო.,Monaco.
დედა გიყვართ?,Do you love your mother?
ჩემი სახელია რიკარდო.,My name is Ricardo.
"ვიცნობ ბევრ ადამიანს, ვისაც ეს შეუძლია.",I know lots of people who can do that.
სერბული.,Serbian.
ტომი არ არის კაპიტალისტი.,Tom isn't a capitalist.
გაერო.,UN.
"გამარჯობა, ნენსი ვარ.","Hello, I am Nancy."
მე ნორვეგიადან ვარ.,I am from Norway.
კუბის.,Cuban.
გისურვებთ ბედნიერებას.,I wish you happiness.
ბუდისტური.,Buddhist.
სამი მუქკანიანია.,Sami is dark-skinned.
ევროკომისიის.,the European Commission.
თბილისის საქალაქო სასამართლოს.,Tbilisi City Court.
შეხვედრამდე.,See you again.
პეკინი - ჩინეთის ეროვნული კონვენციის ცენტრი.,Beijing - China National Convention Center.
"ტომმა იცოდა, რომ სადღაც და ჰყავდა, მაგრამ არასოდეს ენახა","Tom knew he had a sister somewhere, but he had never seen her."
"გოგომ უარყოფის ნიშნად თავი გაიქნია, ბიჭი კი იდგა გაუნძრევლად.",The girl shook her head in refusal and the boy stood there shaking.
ცენტრის.,Centre.
ბუდისტები.,Buddhists.
ახალგორის.,Akhalgori.
კარაქი დამზადებულია რძისგან.,Butter is made from milk.
მე უნდა წავიდე.,I have to go.
"ჩვენ შევთანხმდით, რომ სამსახურში თავს შევიკავებდით მოწევისაგან.",We agreed to refrain from smoking while we are at work.
სკოლაში წასვლა მინდა.,I want to go to school.
ნორმანდიის.,Normandy.
ავტორ  ებ.,Author  s.
სიახლეების არქივი.,News Archive.
მათ გაატარეს თავიანთი დასვენება მთებში.,They spent their holiday in the mountains.
ბრიტანელი.,British.
იაპონიაშ.,Japan.
დავით Malan.,DAVID MALAN.
პუტინის.,Putin.
შეგვიძლია!,We can!
პაპი.,Pope.
მან უნდა წავიდეს.,She needs to go.
ახალი მასწავლებელი საკლასო ოთახშია.,The new teacher is in the classroom.
საღამო მშვიდობისა.,Good evening.
აზერბაიჯანს.,Azerbaijan.
ის ლამაზია.,She is beautiful.
ესპანეთის.,Spain.
ნევისი.,Nevis.
აი რატომ სწავლობენ ინგლისურს.,That is what they study English for.
ახლა შეგიძლია წახვიდე.,You can go now.
ტომი არის მიკრობიოლოგი.,Tom is a microbiologist.
როგორა ხარ?,How are you?
საქართველოს მთავრობის.,the Government of Georgia.
თსუ.,TSU.
ფარისეველთა.,Pharisees.
ამაზრზენი ხარ!,You're disgusting!
სამხრეთ კორეის.,South Korea.
იტალიურად ლაპარაკობთ?,Do you speak Italian?
უზბეკეთის.,Uzbekistan.
ლიხტენშტაინი.,Liechtenstein.
დუბაიში.,dubai.
მე სახლის კაცი ვარ.,I'm the man of the house.
იუდას.,Judah.
ისლამი.,Islam.
მინდა სპორტის გაკეთება.,I want to do some sport.
სიღნაღში.,Sighnaghi.
ნიგერიის.,Nigerian.
დღეს დიდი დღეა ჩვენი ტომისთვის.,Today is a big day for our tribe.
ვისაუბრეთ.,We talked.
საქართველოში.,Georgia.
ინგლისური.,English.
იუსტიციის.,Justice.
რამდენი წიგნი შემიძლია გავიტანო ერთ დროს?,How many books can I take out at one time?
ჯგუფი სამოგზაურო.,Group Travel.
გაეროს.,United Nations.
მე ვარ რიკარდო.,I'm Ricardo.
შავი ზღვის.,the Black Sea.
ანტარქტიდა.,Antarctica.
ჯიბეში რაღაც ფული მაქვს.,I've got some money in my pocket.
ამერიკულ.,American.
ყოველთვის სკოლაშია.,She is always at school.
FM Transmitter და სატელევიზიო.,FM Transmitter TV.
დიდი ბრიტანეთი.,Great Britain.
წყალტუბოს.,Tskaltubo.
ეს გოგოა.,This is a girl.
ტომს არ უნდა წავიდეს შენთან ერთად.,Tom doesn't want to go with you.
როდიდან?,Since when?
ჩართოთ ტელევიზორი.,Turn on the TV.
რომლის პირველი დღეა.,Anno Domini.
კავკასუს ონლაინი.,Caucasus Online.
თომი არ ხარ?,Aren't you Tom?
სამსახურის.,Service.
ალბომების სია.,Album list.
ეგ სკოლაა.,That is a school.
რამდენიმე წიგნი გაქვს.,You have few books.
ძალიან დაბალი ხართ.,You're very short.
ქართველებმა.,Georgians.
ყაზახეთის.,Kazakhstan.
თქვენ ექიმები ხართ.,You are doctors.
ინგლისურად.,English.
აფრიკა კონტინენტია.,Africa is a continent.
ირინა.,Irina.
მანქანა მყავს.,I have a car.
ფრანგული.,French.
"სილამაზე რეკომენდაციის წერილია, რომლის იგნორირებაც თითქმის შეუძლებელია.",Beauty is a letter of recommendation which it is almost impossible to ignore.
მე ვარ ინგლისელი.,I come from England.
უყურებთ სიახლეებს?,Do you watch the news?
მე ვაშლს ვჭამ.,I eat an apple.
ჩრდილოეთ კორეა.,North Korea.
საქართველოს პარლამენტის.,the Parliament of Georgia.
რუსეთის.,Russia.
ტრინიდადი.,Trinidad.
თვალის.,OKO.
მოსკოვი.,Moscow.
„ქართული.,Georgian.
ლუკას.,Luke.
SSG -ს.,SSG.
ის ახალი სურათია?,Is it a recent picture?
არასოდეს დაწეროთ სიტყვები ''ბორშჩი'' და ''შჩი'' გერმანულად!,"Never write the words ""bortsch"" and ""shchi"" in German!"
დუბლინში.,Dublin.
ხორცი გაქვს.,You have meat.
ლაპარაკობ ინგლისურად?,Do you speak English?
ტომმა ლექსიკონი იყიდა მარიამისთვის.,Tom bought Mary a dictionary.
დიმიტრი ქუმსიშვილი.,Dimitry Kumsishvili.
მე მინდა ვიყო ჟურნალისტი.,I want to become a journalist.
ბერლინში.,Berlin.
გალის.,Gali.
პაკისტანში.,Pakistan.
მე კატა ვარ.,I'm a cat.
ეს გავრცელებულია ევროპაში.,This is common in Europe.
წერილი დაგიწერე.,I wrote you a letter.
პალესტინის.,Palestine.
დავივიწყეთ.,We forgot.
ნიკორას.,Nikora.
ხელვაჩაურის.,Khelvachauri.
საბურთალოზე.,Saburtalo.
ბრაზილია.,Brazil.
არის ტომი უფრო ახალგაზრდა ვიდრე შენ?,Is Tom younger than you?
მე მუშაობა არ მინდა ასეთ პირობებში.,I don't want to work under these conditions.
გაერთიანებული სამეფო.,the United Kingdom.
"პეტრე მაგიდიდან ადგა, უსიტყვოდ ჭიქა გამოცალა და მერე ისევ დაჯდა.","Peter got up from the table, silently poured out his glass, then sat down again."
თქვენ აქ ცხოვრობთ?,Do you live here?
"""სადაა ტომი""? ""ავსტრალიაშია.""","""Where's Tom?"" ""In Australia."""
გშია.,You're hungry.
მწვანე პერანგი მაქვს.,I have a green shirt.
გაეროს.,UN.
აზერბაიჯანში.,Azerbaijan.
ვისი შვილი ხარ შენა?,Whose child are you?
იტალიურ.,Italian.
აზერბაიჯანსა.,Azerbaijan.
მშვილდოსანი.,Sagittarius.
სირიაში.,Syria.
ესპანეთის.,Spanish.
ამ ექიმმა არაფერი არ იცის.,This doctor doesn't know anything.
ტომს უჭირდა სიტუაციის გამოსწორება.,Tom had trouble resolving the situation.
ორენოვანი ხარ?,Are you bilingual?
მიუნხენის.,Munich.
სვანეთში.,Svaneti.
მე მინდა მოვკვდე გეთერ იანი - თან ერთად.,I want to die with Getter Jaani.
მათ ჰყავთ ბევრი ბავშვები.,They have lots of children.
ტალოსურად ლაპარაკობ?,Do you speak Talossan?
ავტოავარიამ სამი ადამიანის სიცოცხლე იმსხვერპლა.,Three people died in the car accident.
ლუქსემბურგი.,Luxembourg.
სად დავდე გასაღები?,Where did I put the key?
მე არ მაქვს ალტერნატივა.,I have no alternatives.
მე ვარ ამერიკიდან.,I come from America.
კნუტები გორავენ.,The kittens are rolling.
სახლი.,Residential House.
პეკინის.,Beijing.
ბორის ჯონსონმა.,Boris Johnson.
იესო ქრისტეს.,Jesus Christ.
ერაყში.,Iraq.
მასაჩუსეტსის.,Massachusetts.
კოლუმბიაში.,Colombia.
ამერიკის შეერთებული შტატების.,the United States.
მთავრობის.,Government.
ბრიტანეთის.,Britain.
საწყის ი გვერდიპროდუქციასანტექნიკაშემრევი ონკანები საშხაპე ნაკრები .,Home  PRODUCTS  Plumbing  Faucets.
ქრისტე.,Christ.
ზუგდიდში.,Zugdidi.
დუბლინი.,Dublin.
ცენტრალური აზიის.,Central Asian.
პავლე.,Paul.
გრიგოლ ნემსაძე.,Grigol Nemsadze.
ვიკიპედია.,Bitcoin.
ტუნისის.,Tunisia.
სამსახური.,Service.
სინგაპური.,Singapore.
იმავე წელს დავიბადეთ.,We were born in the same year.
ინგლისურად ვილაპარაკოთ.,Let's speak English.
დანია.,Denmark.
"ტომმა თქვა, რომ წავიდოდა ბოსტონში.",Tom said that he'd go to Boston.
მარია.,Maria.
თბილისის საქალაქო სასამართლომ.,The Tbilisi City Court.
ინდოეთში წასვლა მინდა.,I want to go to India.
სააკაშვილის.,Saakashvili.
ადამიანის უფლებათა ცენტრის.,Human Rights Center.
თევზები ზღვაში ცხოვრობენ.,Fish live in the sea.
აი შენი გასაღები.,Here is your key.
ევროპულ.,European.
"მარი არის ნამდვილად ლამაზი, არ არის ის?","Mary is really pretty, isn't she?"
ეგ წიგნი ღირს წასაკითხად.,That book is worth a read.
გვინდა ბოსტონში და შიკაგოში წავიდეთ.,We want to go to Boston and Chicago.
მარნეულის.,Marneuli.
ვენაში.,Vienna.
რუსები.,Russians.
ახალი ზელანდია.,New Zealand.
წიგნი გაქვს?,Do you have the book?
იურიდიული დახმარების სამსახური.,Legal Aid Service.
ნუ წახვედი.,Don't go.
სწავლების ცენტრის.,Training Center.
მე არ ვარ ექიმი.,I'm not a doctor.
კაჰანე არ იყო მართალი.,Kahane wasn't right.
ბერძნულ.,Greek.
აჭარაში.,Adjara.
საზოგადოებაში ვცხოვრობთ.,We live in a society.
თქვენ ძალიან დაბალი ხართ.,You're very short.
ეკვადორის.,Ecuador.
ტომისაა?,Is it Tom's?
ლიბანი.,Lebanon.
მაგთის.,Magti.
მილანი.,Milan.
ალი.,Ali.
ჰონკონგში.,Hong Kong.
არ უნდა ქარხანაში მუშაობა.,He doesn't want to work in a factory.
საღამოს ჰავაიში მივდივართ.,We are leaving for Hawaii tonight.
ებრაული.,Jewish.
ინდოეთი.,India.
ნუ დაგვივიწყებთ!,Don't forget about us!
აღმოსავლეთ ევროპის.,Eastern Europe.
ბორის პასტერნაკის.,Boris Pasternak.
მომეცი ცეცხლი.,Give me fire.
აქ ხარ?,Are you there?
"გამარჯობა, მე ვარ ნენსი.","Hello, I am Nancy."
სახელმწიფო.,State.
ვერ ვრჩები ავსტრალიაში. უნდა დავბრუნდე ახალ ზელანდიაში.,I can't stay in Australia. I have to get back to New Zealand.
გინდა ეს მიიღე?,Do you want to take that?
ფორექს ექსპერტი მრჩეველი.,Forex Expert Advisor.
ევროპის.,Europe.
წლის საქართველოს სახალხო დამცველმა.,the Public Defender of Georgia.
ლატვიურად არ ვლაპარაკობ.,I do not speak Latvian.
გაცემული.,Grant.
კანადაში.,Canada.
ალბანეთი.,Albania.
ორივეც კარგი მასწავლებლები არიან.,They are both good teachers.
ტერასა ჯგუფი.,Terrassa Group.
ეს მაგიდაა.,This is a table.
მსოფლიო ბანკის.,the World Bank.
მე ქარხანაში ვმუშაობ.,I work in a factory.
მელბურნის.,Melbourne.
ედინბურგის.,Edinburgh.
გუდაური.,Gudauri.
ისლამური.,Islamic.
მეორე მსოფლიო ომის.,WWII.
ჩინური.,Chinese.
უნივერსიტეტი.,University.
ვაკეში.,Vake.
ყირგიზეთის.,Kyrgyzstan.
კონგოს.,Congo.
რომში.,Rome.
ბინა.,AP.
ის არის მსოფლიო ჩემპიონი.,She's the world champion.
ყურძენი გაქვთ.,You have grapes.
შეგეცი!,Fuck you!
ამ წიგნში ბევრი სურათია.,There are many pictures in this book.
გიორგი შარაბიძემ.,Giorgi Sharabidze.
ბრიტანეთის.,British.
პირველი მსოფლიო ომის.,the First World War.
კანადის.,Canadian.
ეს ვისი კაბაა?,Whose dress is this?
წყალს მოვიტან.,I'll bring some water.
გაეროს ბავშვთა ფონდის.,UNICEF.
კვიპროსის.,Cyprus.
სამხრეთ სუდანი.,South Sudan.
ალჟირელები ბერბერულს სწავლობენ სკოლაში.,Algerians learn Berber at school.
მე ინგლისიდან ვარ.,I come from England.
აჭარის.,Adjara.
ყველას უნდა უყვარდეს თავისი ქვეყანა,All people should love their country.
სეტყვავს.,It's hail stoning.
სახაზინო.,Treasury.
რა გქვია?,What's your name?
მე საზაფხულო არდადეგების დროს ფოსტაში ვმუშაობდი.,I worked in a post office during the summer vacation.
"მარი გაოგნდა, როცა გაიგო, რომ ტომს თავის ბიძაშვილთან სექსი ჰქონდა.",Mary was shocked when she learned that Tom had had sex with his cousin.
ამერიკის შეერთებული შტატები.,United States of America.
კრედო ბანკის.,Credo Bank.
ორი საათია.,It's two o'clock.
დასაწყისი.,DE.
მიმწოდებელ ი Factory.,Supplier Factory.
ბალტიის ზღვის.,the Baltic Sea.
მე წვნიანს ვჭამ სამზარეულოში.,I'm eating soup in the kitchen.
ევროკავშირმა.,EU.
სახალხო დამცველის.,the Public Defender.
ტომი ავსტრალიაში გაიზარდა?,Did Tom grow up in Australia?
ფინეთში.,Finland.
არ მინდა სკოლაში წასვლა.,I don't want to go to school.
ჰერცოგოვინა.,Herzegovina.
საკითხებში ანდრის პიებალგს.,Andris Piebalgs.
ვაზა მან მოტეხა.,It was him who broke the vase.
სამხრეთ კორეის.,South Korean.
იტალია.,Italy.
რუსეთის ფედერაციის.,the Russian Federation.
ქალი პურს ჭამს.,The woman eats bread.
ვინ ამას დაიჯერებს?,Who will believe this?
ლომი ღრიალებს.,The lion is roaring.
ვიეტნამის.,Vietnam.
ბოლნისის.,Bolnisi.
ძალიან დაბალი ხარ.,You're very short.
"ხილი და ბოსტნეული ჯანმრთელი არიან, მაგრამ ჩვენ არ ვიცით რატომ.","Fruit and vegetables are good for your health, but we don't know why."
ეს ყველამ იცის.,Anybody knows it.
წიგნი მინდა შვედურად.,I want a book in Swedish.
რომან.,Roman.
ანდორა.,Andorra.
"თუ იჩქარებ, დაეწევი.","If you hurry, you will overtake him."
კოსტა რიკა.,Costa Rica.
საბერძნეთი ძველი სახელმწიფოა.,Greece is an old country.
კომპიუტერული ტექნოლოგიებისა და საინჟინრო საქმის ფაკულტეტ.,Faculty of Computer Technologies.
მე წასვლას ვაპირებ.,I'm going to go.
გეთანხმებით.,I agree.
ვისი კაბაა ეს?,Whose dress is this?
ინდური.,Indian.
ებრაელი.,Jewish.
ევროსტატის.,Eurostat.
შრი ლანკა.,Sri Lanka.
საქართველოს ეროვნული მუზეუმი.,Georgian National Museum.
ქუვეითის.,Kuwait.
აზიაში იაპონელი.,Asia Japanese.
ალექსანდრე.,Alexander.
ამ შუადღეს ბევრი თევზი დავიჭირეთ,We caught a lot of fish this afternoon.
მე ფეხმძიმე ვარ.,I am pregnant.
ტომიც აქაა.,"Tom is here, too."
სანტა კლაუსი.,Santa Claus.
პირველი საათია.,It's one o'clock.
გოგომ ქოლგა გაშალა.,The girl opened her umbrella.
ფილიპინები.,Philippines.
აფრიკულს ვსწავლობ.,I am learning Afrikaans.
საბჭოს.,HCOJ.
გერმანელები.,Germans.
ებრაელი.,Jew.
მარინა.,Marina.
კაცმა პური შეჭამა.,The man ate the bread.
სან ანტონიო.,San Antonio.
სერბეთი.,Serbia.
სევილიაში.,Seville.
ის წერილს დაწერა.,She wrote a letter.
კომპანია.,Company.
სტატისტიკის ეროვნული სამსახურის „საქსტატი.,National Statistics Office of Georgia.
ტომმა თქვა ის და მისი ცოლი უნდა წავიდნენ ავსტრალიაში გაზაფხულზე.,Tom said he and his wife would go to Australia in the spring.
ინოვაციური ტექნოლოგიური გადაწყვეტილებები.,Innovative Technology Solutions.
ტრიბუნალის.,Tribunal.
ნუ აბანავებ ძაღლს საპნით. შამპუნი გამოიყენე.,Don't wash the dog with soap. Use shampoo.
ის ხშირად აცდენს სკოლას.,He often bunks off school.
ლიზა.,Lisa.
ჩემი მეტსახელია იჩი.,"I go by the nickname ""Itch."""
კენიაში.,Kenya.
ამერიკელი ხარ თუ ფრანგი?,Are you American or French?
ზედმეტად ვსვამ!,I drink too much!
საკვები და სასმელები.,Food Beverages.
"ვინ გინდა, რომ მოიგოს?",Who do you want to win?
პოლონეთში.,Poland.
ცხადია.,Certainly.
მე ვერ შეასრულა ტომ.,I couldn't stop Tom.
ის მერხზე ზის.,He's sitting on the bench.
ისრაელის.,Israel.
ჩინური.,Chinese.
ეს ჩანთაა.,This is a bag.
იმ ქალაქში არ ვცხოვრობ.,I don't live in that city.
ჰონდურასის.,Honduras.
ხარკოვის.,Kharkiv.
ფრანგული ვისწავლე.,I learned French.
სანტა.,Santa.
ბრიუსელში.,Brussels.
მაკაო.,Macau.
აი რატომ ინგლისურს სწავლობენ.,That is what they study English for.
"ამ ინფორმაციის საიმედოობაში ეჭვი არ მეპარება, რადგან ის სანდო ადამიანისგან მოდის.",I don't doubt the reliability of his information because it comes from a trustworthy person.
თამაში.,GameRigth Now com.
ჩრდილოეთ.,North.
ჩემს ფანჯარასთან ბუ დავინახე.,I saw an owl at my window.
ფოთი.,Poti.
მე შენს უკან ვარ.,I'm behind you.
იმის გამო ინგლისურს სწავლობენ.,That is what they study English for.
ჩვენს სტუმრებს ეჩქარებათ.,Our guests are in a hurry.
კეკელიძის სახელობის საქართველოს ხელნაწერთა.,Korneli Kekelidze Georgian National Centre.
კოლეჯი.,College.
ჯგუფის.,Group.
თქვენ კარს აღებთ.,You open the door.
მარიამი არის ტომის დედა.,Mary is Tom's mother.
"ერთი, ორი, სამი, ოთხი, ხუთი, ექვსი, შვიდი, რვა, ცხრა, ათი.","One, two, three, four, five, six, seven, eight, nine, ten."
არ გეთანხმები.,I don't agree with you.
"ტომი ნამდვილად არ სთხოვს, რომ მარია ის გააკეთოს.",Tom definitely won't ask Mary to do that.
ტომი ცხოვრობს ავსტრალიაში?,Does Tom live in Australia?
ორი მანქანა მქონდა.,I had two cars.
ევროკავშირის.,the European Union.
აშშ.,USA.
მოდი რაღაც ვცადოთ!,Let's try something.
აღმოსავლეთ ევროპაში.,Eastern Europe.
ის ლაგოსიდან მოვიდა.,He came from Lagos.
ეს ადგილი ძალიან სასიამოვნოა.,This place is very pleasant.
შენ ახლა ცრუობ ჩემთვის.,You're lying to me now.
ეკლესია.,Church.
შვედეთი.,Sweden.
მწვანე სახლი მაქვს.,I have a green house.
"შენ, ჩუმად!","You, be quiet!"
მარიამმა ცაზე იყო.,Mary was in heaven.
თეირანში.,Tehran.
ბოლივია.,Bolivia.
წყალი ძალიან ცხელი არის.,The water's very hot.
იესო.,Jesus.
საქართველოსა.,Georgia.
წალკის.,Tsalka.
მე არ შემიძლია ვთქვა რამე ცუდი ტომის შესახებ.,I can't say anything bad about Tom.
ბურჟ ხალიფა სამყაროს ამჟამინდელი უმაღლესი ცათამბჯენია.,Burj Khalifa is currently the tallest skyscraper in the world.
არ მომწონდა.,I didn't like it.
მინდა ვიყო მსახიობი.,I want to be an actress.
ცივა.,It's cold.
ბენინი.,Benin.
გვაქვს დაჯავშნა.,We have a reservation.
მენადი არ გაგიჟდება.,Mennad won't get mad.
მედიის განვითარების ფონდი.,Media Development Foundation.
ლათინური ამერიკის.,Latin American.
ის ჩემი ძროხაა.,It is my cow.
უკრაინული.,Ukrainian.
კოსოვო.,Kosovo.
ისინი ჩემი დები არიან.,They are my sisters.
გჭირდებათ ტუალეტის ქაღალდი?,Do you need toilet paper?
ქვემო.,Kvemo.
აი შენი წიგნი.,Here is your book.
მეორე მსოფლიო ომის.,the Second World War.
შეგიძლია პირობა მომცე?,Can you get permission?
აყვავებული ბუჩქების.,Flowering Shrubs.
ავსტრალიის.,Australia.
თერთმეტი საათია.,It's eleven o'clock.
რუმინეთის.,Romanian.
ნორვეგიის.,Norwegian.
ტალინი.,Tallinn.
ყველა ადამიანი ჰაერს სუნთქავს.,All people breathe air.
ნობელის პრემიის ლაურეატი.,Nobel Prize.
შვეიცარიაშ ი.,Switzerland.
გეთაყვა ნიღაბი ატაროთ.,Please wear a mask.
"მე დავიღალე, და დაწოლა მინდა.",I am tired and I want to go to bed.
იაპონია.,Japan.
შეგიძლია ადრე მოხვიდე დღეს?,Can you come early today?
"მარინამ იცის, კრება სად იქნება.",Marina knows where the meeting will be.
ნიუე ქვეყანაა.,Niue is a country.
მინდა შენთან ლაპარაკი.,I want to talk to you.
კარგი იდეაა ყოფილი ხაკერების დაცვის პროფესიონალებად დანიშვნა?,Is it a good idea to hire former hackers to work as security professionals?
ქათამი ჭამს პეპელას.,The chicken eats a butterfly.
ისანი.,Isani.
მსოფლიოს ფედერაცია.,World Federation.
არ გიყვართ თქვენი ძაღლი?,Don't you love your dog?
დასავლეთის.,West.
საიტზე Ferry TO.,Ferry TO.
რამდენ ხანს დარჩი?,How long did you stay?
სურათი Daewoo.,Photo Daewoo.
ბუხარესტში ვცხოვრობ.,I live in Bucharest.
დაღლილი იყავით.,You were tired.
შენგენის.,Schengen.
ჰონსიუ.,Honshu.
ლერმონტოვის.,Lermontov.
არის ტომი უფრო უფროსი ვიდრე შენ?,Is Tom older than you?
ნებართვა არ გაქვს აქ გააკეთო.,You're not permitted to do that here.
გავცივდი.,I've caught a cold.
ანაკლია.,Anaklia.
ქრისტიანებს.,Christians.
ჩხოროწყუს.,Chkhorotsku.
ყაზახეთის რესპუბლიკის.,the Republic of Kazakhstan.
მეფე.,King.
"სამართალი საგანია, რომელიც არ მომწონს.",Law is a subject I don't like.
ამერიკიდან ვარ.,I come from America.
მე ჯერ კიდევ ვცხოვრობ მშობლების სახლში.,I still live at my parents' house.
თომას.,Thomas.
ის კარს აღებს.,She opens the door.
ესპანეთი.,Spanish.
დიდ ბრიტანეთში.,UK.
შვეიცარიაში.,Switzerland.
უზენაესი სასამართლოს.,Supreme Court.
ევროპაბეთი.,Europebet.
პორტუგალიის.,Portugal.
ნიკორა.,Nikora.
ახალგაზრდების ეროვნული კვლევა საქართველოში.,National Youth Survey.
ცენტრალური საპარლამენტო საარჩევნო კომისიის.,the Central Parliamentary Election Commission.
ნაცისტური.,Nazi.
კეთილი იყოს თქვენი მობრძანება!,Welcome.
საშობაო.,Christmas.
უფროსმა მომცა მე ეს ხელფასი.,The boss gave me this salary.
ჩეხეთში.,Czech Republic.
ტომმა ავსტრალიაში წავიდა?,Did Tom go to Australia?
თბილისის სახელმწიფო უნივერსიტეტის.,Tbilisi State University.
პარიზის.,Parisian.
საუდის არაბეთში.,Saudi Arabia.
კიდევ გნახავთ.,See you again.
დასავლეთ ევროპაში.,Western Europe.
გამარჯობა.,Hello!
"დიახ, მე საპოროდან ვარ.","Yes, I am from Sapporo."
წყარ ო Naturals.,Source Naturals.
თელავი.,Telavi.
რუსეთის ფედერაციის.,the Russian Federation.
ეს საქართველოს შესახებ წიგნია.,This is a book about Georgia.
ემილი ინგლისელია.,Emily is English.
Aros ენერგიის.,Aros Energy.
ორმოცდაათიანელთა.,Pentecostal.
თიბისი ბანკმა.,TBC Bank.
ძალიან ბედნიერი ვარ ჯორჯიაში.,I am very happy in Georgia.
სახლი.,House.
ჰოლივუდი.,Hollywood.
საქართველოს სახალხო დამცველმა.,the Public Defender of Georgia.
აფხაზეთისა.,Abkhazia.
Wi - Fi.,Wi - Fi.
დიდხანს გვეძინა.,We overslept.
დმანისის.,Dmanisi.
მიგრაციის კომისია.,Migration Commission.
- ფოსტა.,Hausart.
სად არის სასმელი წყალი?,Where is the water drinkable?
ეთიოპურ ი.,Ethiopian.
ამ ოთახში ბიჭია.,There is a boy in this room.
ტუნისში.,Tunis.
სულიწმინდის.,the Holy Spirit.
ეს არის წინადადება.,This is a sentence.
მერი შარპე.,Mary Sharpe.
გერმანი ა.,Germany.
ევროკომისია.,the European Commission.
მინსკში.,Minsk.
კახეთი.,Kakheti.
რაღაც თქვა.,He said something.
ქვევრის.,Qvevri.
მონტენეგროს.,Montenegro.
ისინი დებია.,They are sisters.
პორტუგალიის.,Portuguese.
ბელგია Train.,Belgium Train.
ესენი ჩემი დის წიგნები არიან.,Those are my sister's books.
საახალწლო.,New Year 's.
ნინა.,Nina.
თიბისი ბანკის.,TBC Bank.
ფილიპინების.,Philippine.
შენ არ იყავი დაღლილი.,You weren't tired.
საოლქო.,DEC.
ერთი ძმა მყავს.,I have one brother.
იაპონური.,Japanese.
მე ლამაზი ვარ?,Am I pretty?
სამხრეთ კორე ა.,South Korea.
სამხრეთ ამერიკაში.,South America.
ხალხი ხშირად დიდებას მისდევს.,People usually go after fame.
Chengdu Century ქალაქი ახალი საერთაშორისო კონვენცია და საგამოფენო ცენტრი.,Chengdu Century City New International Convention Exhibition Center.
თოვს.,It's snowing.
მგელი ღმუის.,The wolf howls.
ცათამბჯენი ქალაქის ცენტრშია.,The skyscraper is in the center of the city.
შეუძლებელია კონფლიქტის გადაჭრა.,It is impossible to resolve the conflict.
ადრე ადექი თორემ სკოლაში დაგაგვიანდება.,"Get up early, else you'll be late for school."
მესაკუთრეს ახსნა გასაგებია.,The owner's explanation is clear.
იოსიფ ბროდსკი.,Joseph Brodsky.
შოტლანდია.,Scotland.
ავსტრიაში Train.,Austria Train.
ნიკორა.,Nikora.
თიბისი.,TBC.
გაერთიანებულ სამეფოში.,the United Kingdom.
პოლონეთი.,Poland.
იტალიური.,Italian.
ოსლოში.,Oslo.
"ტომი ან იდიოტია, ან გენიოსია.",Tom is either an idiot or a genius.
ფონდის.,Foundation.
ნიკორა.,Nikora.
რაღაც ვთქვი.,I said something.
წელიწადი მთავრდება.,The year ends.
ადამიანის უფლებათა ცენტრმა.,Human Rights Center.
რომელი წიგნი გინდა?,Which book do you want?
სოციალური მედია.,Social Media.
საქართველ ო.,Georgia.
ბათუმი > სასტუმროები.,Batumi > Hotels.
ბელგიის.,Belgian.
სამიზნე.,Target.
ევროკავშირი.,EU.
საფრანგეთშ.,France.
ბერძნული.,Greek.
ბაბილონის.,Babylon.
ცხენი არ არის თეთრი.,The horse is not white.
დალევა არავის უნდა?,Nobody wants to drink?
საბჭოს.,Council.
თქვენ შემდეგ.,After you.
ის ხედავს შენი ცხენს.,She sees your horse.
ბრაზილიაში.,Brazil.
რუსთაველის.,Rustaveli.
ხილი გვაქვს.,We have fruit.
ქრისტეს.,Christ.
გიგანტური მთები.,Giant Mountains.
სახლში დარჩით.,Stay home.
სომხეთის.,Armenia.
კიევში.,Kiev.
ლუკა.,Luke.
FX ექსპერტი მრჩეველი.,FX Expert Advisor.
ახალგაზრდობის საქმეთა სამინისტრ.,Youth Affairs.
სამხრეთ აზიის.,Southeast Asia.
ვიეტნამი.,Vietnam.
მარტვილის.,Martvili.
არგენტინა.,Argentina.
გლდანი.,Gldani.
იემენის.,Yemen.
ბანგლადეშის.,Bangladesh.
ჩვენ დავრჩით დორჩესტერში.,We stayed in Dorchester.
ძალიან კარგი იქნება.,He will be very nice.
ლათინურ ამერიკაში.,Latin America.
ტრამპი.,Trump.
ნათია თურნავა.,Natia Turnava.
სამხრეთ კორეა.,South Korea.
ტომს დღეს აქვს შეხვედრა.,Tom has an appointment today.
ევროპა კონტინენტია.,Europe is a continent.
ბრიტანეთის საბჭოს.,British Council.
მოდა და სილამაზის.,Fashion Beauty.
ბუდისტური.,Thai.
მიხეილ სააკაშვილი.,Mikheil Saakashvili.
ყველამ გაიმეორეთ ჩემს შემდეგ.,Read after me all together.
ორშაბათს ამას ვერ გავაკეთებთ.,We can't do that on Monday.
მე არა ვარ კარგი ადამიანი.,I'm not a good person.
რამდენ ხანს ტომმა დარჩი ავსტრალიაში?,How long was Tom in Australia?
დასაწყისი.,Deutsch Dhivehi.
ჯავახეთში.,Javakheti.
მე მას გასაღები მივეცი.,I gave him the key.
ცხენზე შემჯდარმა კაცმა ჩამოგვიარა.,A man on horseback came along the path.
ნაყინის ჭამა მინდა.,I want to eat ice cream.
ტომი როგორ არის ავსტრალიაში?,How's Tom doing in Australia?
მერი რომანტიული კომედიები მოსწონს.,Mary likes romantic comedies.
ასპინძის.,Aspindza.
წყალი კარგი სასმელია.,Water is a good drink.
ქობულეთის.,Kobuleti.
არის ტომი უფრო ახალგაზრდა ან უფრო მოხუცი ვიდრე შენ?,Is Tom younger or older than you?
კანონი.,Law.
ბიზანტიური.,Byzantine.
მავრიტანია.,Mauritania.
"იმის მიღება, რაც გინდა, ღიმილით უფრო მარტივია ვიდრე ხმლის წვერით.",It's easier to get what you want with a smile than with the tip of the sword.
ცივი ომის.,Cold War.
გერმანიაში წასვლა მინდა.,I want to go to Germany.
გვეძინა.,We slept.
ო Jet აეროპორტში.,Jet airport.
ოდესმე გიჭამია უმი თევზი?,Have you ever eaten raw fish?
ასურელები.,Assyrians.
ცენტრალური საარჩევნო კომისიის.,the Central Election Commission.
მარი.,Marie.
სენატის.,Senate.
გოგო ჩაის სვამს.,The girl is drinking tea.
კონტაქტი.,the Contact Us.
"მითხრა, ვინ არის ეს ვაჟი?",Tell me; who is this young man?
Jumma მუბარაქის.,Jumma Mubarak.
ასე ხმალი მინდა!,I want a sword like this!
ევროპარლამენტის.,the European Parliament.
მოსკოვში.,Moscow.
გუდაურში.,Gudauri.
აფხაზეთის ავტონომიური რესპუბლიკის.,the Autonomous Republic of Abkhazia.
თურქეთში.,Turkey.
ნატოს.,NATO.
შენ სპილოები მოგწონს.,You like elephants.
კანონის.,Law.
ქუთაისი.,Kutaisi.
სად არის საჭმელი?,Where is the food?
შვედეთში წასვლა მინდა.,I want to go to Sweden.
ესკოს მიერ.,ESCO.
"გასულ ღამეს ვესიზმრებოდი, რომ მე ფუტკარს ვჭამდი.",Last night I dreamt I was eating bees.
კონგრესი.,Congress.
"სექსის დროს პრეზერვატივს თუკი არ გამოიყენებ, შეიძლება დაავადება აიკიდო.","If you don't use a condom during sex, you can catch a disease."
სპილოებს დიდი ყურები აქვთ.,Elephants have big ears.
ტომს ავსტრალია მოეწონა?,Did Tom like Australia?
ვეთანხმებით.,We agree.
მოსკოვშ.,Moscow.
ეგ მაგიდა ბინძურია.,That table is dirty.
შოტლანდიაში.,Scotland.
გადავიტანეთ.,We survived.
მარი ერთ-ერათი ყველაზე პოპულარული გოგო იყო.,Mary wasn't one of the most popular girls.
სახელმწიფო უსაფრთხოების სამსახურის.,State Security Service.
ჩვენ ერთად გადავწყვიტეთ.,We decide together.
მსოფლიო ბანკის.,World Bank.
გემი ნაპირის გასწვრივ იყო.,The ship was abreast of the shore.
გამარჯობა!,Welcome.
ევროკომისია.,The European Commission.
საუდის არაბეთის.,Saudi Arabia.
"ეს მინდა, რომ ნინომ მოიგოს.",I want Nino to win.
ბანგკოკში.,Bangkok.
ესპანეთი.,Spain.
გთხოვთ მაჩვენოთ ის დოკუმენტები.,Please show me those documents.
რომაელები.,Romans.
პაკისტანის.,Pakistan.
სომხეთს.,Armenia.
ჩემი სახელია ჯეკი.,My name is Jack.
ჩემი სახელია ირაკლი.,My name is Irakli.
ტუნისი.,Tunisia.
ბოსნია.,Bosnia.
ლაგუნა ვერ.,Laguna.
Superb სამსახურის.,Superb Service.
FM Transmitter და სატელევიზიო გადამცემის და IPTV.,FM Transmitter TV Transmitter Antenna Coaxial Cable Studio Equipments.
პრეზერვატივი გააქვს?,Do you have any condoms?
უელსში.,Wales.
პროკურატურის.,the Prosecutor 's Office.
ეს კარგი პასუხია.,That's a good answer.
აფგან მუხთარლის.,Afgan Mukhtarli.
ინდონეზია.,Indonesia.
ნატო.,Nato.
ლარის.,Lari.
ეს ახალი ერის დასაწყისია.,This is the beginning of a new era.
ჰონგ კონგი.,Hong Kong.
ესპანური.,Spanish.
კარიბის.,Caribbean.
ათი საათია.,It's ten o'clock.
მინდა მასთან ლაპარაკი.,I want to talk to her.
რუსთავი.,Rustavi.
შვებულებაში წავალ საფრანგეთში.,I will go to France on holiday.
უკრაინელები.,Ukrainians.
ის ბრისბენში ცხოვრობს.,She lives in Brisbane.
ეს ტომისაა.,This is Tom's.
ვჭამთ.,We eat.
სამხრეთ ამერიკის.,South American.
რა უპასუხე?,What did you answer?
მე აქა ვარ.,I'm here.
აზიური.,Asian.
ილინოისის.,Illinois.
ბებიაჩემს არ აქვს ინტერნეტი.,My grandma doesn't have the internet.
ფინეთი.,Finland.
EU ევროკომისია.,EU European Commission.
აფხაზეთში.,Abkhazia.
ჩამოტვირთვა.,Mt Adams.
რატომ გძინავთ?,Why are you sleeping?
ჩიკაგოში.,Chicago.
კომპიუტერს თუ გამოიყენებ ინფორმაციის შენახვას შეძლებ.,"If you use a computer, you can retain information."
მისამართი :,Circusfans Italia.
HGH ტაილანდის.,HGH.
ებრაულად ლაპარაკობთ?,Do you speak Hebrew?
სერგე ი ივანოვი.,Sergey Ivanov.
მწუხარე ხართ.,You're sad.
ჰეროდე.,Herod.
თელავის.,Telavi.
ჩანგალი და დანა გაქვს?,Do you have a fork and a knife?
რუსეთში.,Russia.
პეტერბურგში.,St Petersburg.
ტომიც მუშაობს ავსტრალიაში?,"Does Tom work in Australia, too?"
